Number,cset,alt,Choice,CL,SS,SOS,COST,SQ,Block,Q6K2,Q6K3,Q6K4,Benefit1,Benefit2,Benefit3,Tin2,size1,size2,AMED,Quant1,Quant2,Age2,Age3,Edu1,Edu2
1,1,1,0,10,-1,1,90,0,1,0,0,0,0,0,1,1,1,0,-999,1,0,0,1,1,0
1,1,2,1,10,1,-1,530,0,1,0,0,0,0,0,1,1,1,0,-999,1,0,0,1,1,0
1,1,3,0,0,0,0,0,1,1,0,0,0,0,0,1,1,1,0,-999,1,0,0,1,1,0
1,2,1,1,10,1,-1,530,0,1,0,0,0,0,0,1,1,1,0,-999,1,0,0,1,1,0
1,2,2,0,5,-1,1,890,0,1,0,0,0,0,0,1,1,1,0,-999,1,0,0,1,1,0
1,2,3,0,0,0,0,0,1,1,0,0,0,0,0,1,1,1,0,-999,1,0,0,1,1,0
1,3,1,0,5,-1,1,270,0,1,0,0,0,0,0,1,1,1,0,-999,1,0,0,1,1,0
1,3,2,1,10,1,-1,530,0,1,0,0,0,0,0,1,1,1,0,-999,1,0,0,1,1,0
1,3,3,0,0,0,0,0,1,1,0,0,0,0,0,1,1,1,0,-999,1,0,0,1,1,0
1,4,1,1,10,1,-1,270,0,1,0,0,0,0,0,1,1,1,0,-999,1,0,0,1,1,0
1,4,2,0,5,-1,1,90,0,1,0,0,0,0,0,1,1,1,0,-999,1,0,0,1,1,0
1,4,3,0,0,0,0,0,1,1,0,0,0,0,0,1,1,1,0,-999,1,0,0,1,1,0
2,1,1,0,5,-1,1,90,0,1,-999,-999,-999,0,0,1,1,1,0,0,1,0,0,1,1,0
2,1,2,1,10,1,-1,530,0,1,-999,-999,-999,0,0,1,1,1,0,0,1,0,0,1,1,0
2,1,3,0,0,0,0,0,1,1,-999,-999,-999,0,0,1,1,1,0,0,1,0,0,1,1,0
2,2,1,1,10,1,-1,530,0,1,-999,-999,-999,0,0,1,1,1,0,0,1,0,0,1,1,0
2,2,2,0,5,-1,1,890,0,1,-999,-999,-999,0,0,1,1,1,0,0,1,0,0,1,1,0
2,2,3,0,0,0,0,0,1,1,-999,-999,-999,0,0,1,1,1,0,0,1,0,0,1,1,0
2,3,1,0,5,-1,1,270,0,1,-999,-999,-999,0,0,1,1,1,0,0,1,0,0,1,1,0
2,3,2,1,10,1,-1,530,0,1,-999,-999,-999,0,0,1,1,1,0,0,1,0,0,1,1,0
2,3,3,0,0,0,0,0,1,1,-999,-999,-999,0,0,1,1,1,0,0,1,0,0,1,1,0
2,4,1,1,10,1,-1,270,0,1,-999,-999,-999,0,0,1,1,1,0,0,1,0,0,1,1,0
2,4,2,0,5,-1,1,90,0,1,-999,-999,-999,0,0,1,1,1,0,0,1,0,0,1,1,0
2,4,3,0,0,0,0,0,1,1,-999,-999,-999,0,0,1,1,1,0,0,1,0,0,1,1,0
3,1,1,0,5,-1,1,90,0,1,0,0,1,0,1,0,0,0,1,0,0,1,1,0,1,0
3,1,2,1,10,1,-1,530,0,1,0,0,1,0,1,0,0,0,1,0,0,1,1,0,1,0
3,1,3,0,0,0,0,0,1,1,0,0,1,0,1,0,0,0,1,0,0,1,1,0,1,0
3,2,1,1,10,1,-1,530,0,1,0,0,1,0,1,0,0,0,1,0,0,1,1,0,1,0
3,2,2,0,5,-1,1,890,0,1,0,0,1,0,1,0,0,0,1,0,0,1,1,0,1,0
3,2,3,0,0,0,0,0,1,1,0,0,1,0,1,0,0,0,1,0,0,1,1,0,1,0
3,3,1,0,5,-1,1,270,0,1,0,0,1,0,1,0,0,0,1,0,0,1,1,0,1,0
3,3,2,1,10,1,-1,530,0,1,0,0,1,0,1,0,0,0,1,0,0,1,1,0,1,0
3,3,3,0,0,0,0,0,1,1,0,0,1,0,1,0,0,0,1,0,0,1,1,0,1,0
3,4,1,1,10,1,-1,270,0,1,0,0,1,0,1,0,0,0,1,0,0,1,1,0,1,0
3,4,2,0,5,-1,1,90,0,1,0,0,1,0,1,0,0,0,1,0,0,1,1,0,1,0
3,4,3,0,0,0,0,0,1,1,0,0,1,0,1,0,0,0,1,0,0,1,1,0,1,0
4,1,1,0,5,-1,1,90,0,1,0,0,0,1,0,0,1,0,1,0,0,0,0,1,1,0
4,1,2,1,10,1,-1,530,0,1,0,0,0,1,0,0,1,0,1,0,0,0,0,1,1,0
4,1,3,0,0,0,0,0,1,1,0,0,0,1,0,0,1,0,1,0,0,0,0,1,1,0
4,2,1,1,10,1,-1,530,0,1,0,0,0,1,0,0,1,0,1,0,0,0,0,1,1,0
4,2,2,0,5,-1,1,890,0,1,0,0,0,1,0,0,1,0,1,0,0,0,0,1,1,0
4,2,3,0,0,0,0,0,1,1,0,0,0,1,0,0,1,0,1,0,0,0,0,1,1,0
4,3,1,1,5,-1,1,270,0,1,0,0,0,1,0,0,1,0,1,0,0,0,0,1,1,0
4,3,2,0,10,1,-1,530,0,1,0,0,0,1,0,0,1,0,1,0,0,0,0,1,1,0
4,3,3,0,0,0,0,0,1,1,0,0,0,1,0,0,1,0,1,0,0,0,0,1,1,0
4,4,1,1,10,1,-1,270,0,1,0,0,0,1,0,0,1,0,1,0,0,0,0,1,1,0
4,4,2,0,5,-1,1,90,0,1,0,0,0,1,0,0,1,0,1,0,0,0,0,1,1,0
4,4,3,0,0,0,0,0,1,1,0,0,0,1,0,0,1,0,1,0,0,0,0,1,1,0
5,1,1,0,5,-1,-1,890,0,2,0,0,0,0,1,0,0,1,0,0,0,0,1,0,0,1
5,1,2,0,10,1,1,90,0,2,0,0,0,0,1,0,0,1,0,0,0,0,1,0,0,1
5,1,3,1,0,0,0,0,1,2,0,0,0,0,1,0,0,1,0,0,0,0,1,0,0,1
5,2,1,1,5,1,1,530,0,2,0,0,0,0,1,0,0,1,0,0,0,0,1,0,0,1
5,2,2,0,10,-1,-1,890,0,2,0,0,0,0,1,0,0,1,0,0,0,0,1,0,0,1
5,2,3,0,0,0,0,0,1,2,0,0,0,0,1,0,0,1,0,0,0,0,1,0,0,1
5,3,1,0,10,-1,-1,270,0,2,0,0,0,0,1,0,0,1,0,0,0,0,1,0,0,1
5,3,2,0,5,1,1,530,0,2,0,0,0,0,1,0,0,1,0,0,0,0,1,0,0,1
5,3,3,1,0,0,0,0,1,2,0,0,0,0,1,0,0,1,0,0,0,0,1,0,0,1
5,4,1,0,10,1,1,90,0,2,0,0,0,0,1,0,0,1,0,0,0,0,1,0,0,1
5,4,2,0,5,-1,-1,270,0,2,0,0,0,0,1,0,0,1,0,0,0,0,1,0,0,1
5,4,3,1,0,0,0,0,1,2,0,0,0,0,1,0,0,1,0,0,0,0,1,0,0,1
6,1,1,1,5,-1,-1,890,0,2,0,0,0,1,0,0,1,0,1,0,1,0,1,0,0,1
6,1,2,0,10,1,1,90,0,2,0,0,0,1,0,0,1,0,1,0,1,0,1,0,0,1
6,1,3,0,0,0,0,0,1,2,0,0,0,1,0,0,1,0,1,0,1,0,1,0,0,1
6,2,1,0,5,1,1,530,0,2,0,0,0,1,0,0,1,0,1,0,1,0,1,0,0,1
6,2,2,1,10,-1,-1,890,0,2,0,0,0,1,0,0,1,0,1,0,1,0,1,0,0,1
6,2,3,0,0,0,0,0,1,2,0,0,0,1,0,0,1,0,1,0,1,0,1,0,0,1
6,3,1,1,10,-1,-1,270,0,2,0,0,0,1,0,0,1,0,1,0,1,0,1,0,0,1
6,3,2,0,5,1,1,530,0,2,0,0,0,1,0,0,1,0,1,0,1,0,1,0,0,1
6,3,3,0,0,0,0,0,1,2,0,0,0,1,0,0,1,0,1,0,1,0,1,0,0,1
6,4,1,0,10,1,1,90,0,2,0,0,0,1,0,0,1,0,1,0,1,0,1,0,0,1
6,4,2,1,5,-1,-1,270,0,2,0,0,0,1,0,0,1,0,1,0,1,0,1,0,0,1
6,4,3,0,0,0,0,0,1,2,0,0,0,1,0,0,1,0,1,0,1,0,1,0,0,1
7,1,1,1,5,-1,-1,890,0,2,-999,-999,-999,1,0,0,0,1,0,0,1,0,1,0,1,0
7,1,2,0,10,1,1,90,0,2,-999,-999,-999,1,0,0,0,1,0,0,1,0,1,0,1,0
7,1,3,0,0,0,0,0,1,2,-999,-999,-999,1,0,0,0,1,0,0,1,0,1,0,1,0
7,2,1,1,5,1,1,530,0,2,-999,-999,-999,1,0,0,0,1,0,0,1,0,1,0,1,0
7,2,2,0,10,-1,-1,890,0,2,-999,-999,-999,1,0,0,0,1,0,0,1,0,1,0,1,0
7,2,3,0,0,0,0,0,1,2,-999,-999,-999,1,0,0,0,1,0,0,1,0,1,0,1,0
7,3,1,0,10,-1,-1,270,0,2,-999,-999,-999,1,0,0,0,1,0,0,1,0,1,0,1,0
7,3,2,1,5,1,1,530,0,2,-999,-999,-999,1,0,0,0,1,0,0,1,0,1,0,1,0
7,3,3,0,0,0,0,0,1,2,-999,-999,-999,1,0,0,0,1,0,0,1,0,1,0,1,0
7,4,1,0,10,1,1,90,0,2,-999,-999,-999,1,0,0,0,1,0,0,1,0,1,0,1,0
7,4,2,1,5,-1,-1,270,0,2,-999,-999,-999,1,0,0,0,1,0,0,1,0,1,0,1,0
7,4,3,0,0,0,0,0,1,2,-999,-999,-999,1,0,0,0,1,0,0,1,0,1,0,1,0
8,1,1,1,10,1,1,270,0,4,0,0,0,0,0,0,0,1,0,0,0,0,0,1,1,0
8,1,2,0,5,-1,-1,530,0,4,0,0,0,0,0,0,0,1,0,0,0,0,0,1,1,0
8,1,3,0,0,0,0,0,1,4,0,0,0,0,0,0,0,1,0,0,0,0,0,1,1,0
8,2,1,0,10,-1,1,890,0,4,0,0,0,0,0,0,0,1,0,0,0,0,0,1,1,0
8,2,2,1,5,1,-1,90,0,4,0,0,0,0,0,0,0,1,0,0,0,0,0,1,1,0
8,2,3,0,0,0,0,0,1,4,0,0,0,0,0,0,0,1,0,0,0,0,0,1,1,0
8,3,1,1,5,1,-1,90,0,4,0,0,0,0,0,0,0,1,0,0,0,0,0,1,1,0
8,3,2,0,10,-1,1,270,0,4,0,0,0,0,0,0,0,1,0,0,0,0,0,1,1,0
8,3,3,0,0,0,0,0,1,4,0,0,0,0,0,0,0,1,0,0,0,0,0,1,1,0
8,4,1,0,5,-1,-1,530,0,4,0,0,0,0,0,0,0,1,0,0,0,0,0,1,1,0
8,4,2,1,10,1,1,890,0,4,0,0,0,0,0,0,0,1,0,0,0,0,0,1,1,0
8,4,3,0,0,0,0,0,1,4,0,0,0,0,0,0,0,1,0,0,0,0,0,1,1,0
9,1,1,0,10,1,1,270,0,4,0,0,0,1,0,0,1,1,0,0,0,0,1,0,0,1
9,1,2,1,5,-1,-1,530,0,4,0,0,0,1,0,0,1,1,0,0,0,0,1,0,0,1
9,1,3,0,0,0,0,0,1,4,0,0,0,1,0,0,1,1,0,0,0,0,1,0,0,1
9,2,1,1,10,-1,1,890,0,4,0,0,0,1,0,0,1,1,0,0,0,0,1,0,0,1
9,2,2,0,5,1,-1,90,0,4,0,0,0,1,0,0,1,1,0,0,0,0,1,0,0,1
9,2,3,0,0,0,0,0,1,4,0,0,0,1,0,0,1,1,0,0,0,0,1,0,0,1
9,3,1,0,5,1,-1,90,0,4,0,0,0,1,0,0,1,1,0,0,0,0,1,0,0,1
9,3,2,0,10,-1,1,270,0,4,0,0,0,1,0,0,1,1,0,0,0,0,1,0,0,1
9,3,3,1,0,0,0,0,1,4,0,0,0,1,0,0,1,1,0,0,0,0,1,0,0,1
9,4,1,0,5,-1,-1,530,0,4,0,0,0,1,0,0,1,1,0,0,0,0,1,0,0,1
9,4,2,0,10,1,1,890,0,4,0,0,0,1,0,0,1,1,0,0,0,0,1,0,0,1
9,4,3,1,0,0,0,0,1,4,0,0,0,1,0,0,1,1,0,0,0,0,1,0,0,1
10,1,1,1,5,1,-1,270,0,3,0,1,0,1,0,0,0,1,0,0,0,0,0,1,1,0
10,1,2,0,10,-1,1,530,0,3,0,1,0,1,0,0,0,1,0,0,0,0,0,1,1,0
10,1,3,0,0,0,0,0,1,3,0,1,0,1,0,0,0,1,0,0,0,0,0,1,1,0
10,2,1,0,10,-1,-1,90,0,3,0,1,0,1,0,0,0,1,0,0,0,0,0,1,1,0
10,2,2,1,5,1,1,270,0,3,0,1,0,1,0,0,0,1,0,0,0,0,0,1,1,0
10,2,3,0,0,0,0,0,1,3,0,1,0,1,0,0,0,1,0,0,0,0,0,1,1,0
10,3,1,1,5,1,1,890,0,3,0,1,0,1,0,0,0,1,0,0,0,0,0,1,1,0
10,3,2,0,10,-1,-1,90,0,3,0,1,0,1,0,0,0,1,0,0,0,0,0,1,1,0
10,3,3,0,0,0,0,0,1,3,0,1,0,1,0,0,0,1,0,0,0,0,0,1,1,0
10,4,1,0,10,-1,1,530,0,3,0,1,0,1,0,0,0,1,0,0,0,0,0,1,1,0
10,4,2,1,5,1,-1,890,0,3,0,1,0,1,0,0,0,1,0,0,0,0,0,1,1,0
10,4,3,0,0,0,0,0,1,3,0,1,0,1,0,0,0,1,0,0,0,0,0,1,1,0
11,1,1,1,5,1,-1,270,0,3,1,0,0,1,0,0,1,0,1,0,0,0,0,1,0,1
11,1,2,0,10,-1,1,530,0,3,1,0,0,1,0,0,1,0,1,0,0,0,0,1,0,1
11,1,3,0,0,0,0,0,1,3,1,0,0,1,0,0,1,0,1,0,0,0,0,1,0,1
11,2,1,0,10,-1,-1,90,0,3,1,0,0,1,0,0,1,0,1,0,0,0,0,1,0,1
11,2,2,0,5,1,1,270,0,3,1,0,0,1,0,0,1,0,1,0,0,0,0,1,0,1
11,2,3,1,0,0,0,0,1,3,1,0,0,1,0,0,1,0,1,0,0,0,0,1,0,1
11,3,1,0,5,1,1,890,0,3,1,0,0,1,0,0,1,0,1,0,0,0,0,1,0,1
11,3,2,0,10,-1,-1,90,0,3,1,0,0,1,0,0,1,0,1,0,0,0,0,1,0,1
11,3,3,1,0,0,0,0,1,3,1,0,0,1,0,0,1,0,1,0,0,0,0,1,0,1
11,4,1,0,10,-1,1,530,0,3,1,0,0,1,0,0,1,0,1,0,0,0,0,1,0,1
11,4,2,1,5,1,-1,890,0,3,1,0,0,1,0,0,1,0,1,0,0,0,0,1,0,1
11,4,3,0,0,0,0,0,1,3,1,0,0,1,0,0,1,0,1,0,0,0,0,1,0,1
12,1,1,1,10,1,1,270,0,4,0,0,0,0,1,0,1,0,1,0,0,0,0,1,0,1
12,1,2,0,5,-1,-1,530,0,4,0,0,0,0,1,0,1,0,1,0,0,0,0,1,0,1
12,1,3,0,0,0,0,0,1,4,0,0,0,0,1,0,1,0,1,0,0,0,0,1,0,1
12,2,1,0,10,-1,1,890,0,4,0,0,0,0,1,0,1,0,1,0,0,0,0,1,0,1
12,2,2,1,5,1,-1,90,0,4,0,0,0,0,1,0,1,0,1,0,0,0,0,1,0,1
12,2,3,0,0,0,0,0,1,4,0,0,0,0,1,0,1,0,1,0,0,0,0,1,0,1
12,3,1,1,5,1,-1,90,0,4,0,0,0,0,1,0,1,0,1,0,0,0,0,1,0,1
12,3,2,0,10,-1,1,270,0,4,0,0,0,0,1,0,1,0,1,0,0,0,0,1,0,1
12,3,3,0,0,0,0,0,1,4,0,0,0,0,1,0,1,0,1,0,0,0,0,1,0,1
12,4,1,0,5,-1,-1,530,0,4,0,0,0,0,1,0,1,0,1,0,0,0,0,1,0,1
12,4,2,1,10,1,1,890,0,4,0,0,0,0,1,0,1,0,1,0,0,0,0,1,0,1
12,4,3,0,0,0,0,0,1,4,0,0,0,0,1,0,1,0,1,0,0,0,0,1,0,1
13,1,1,0,5,-1,1,90,0,1,0,1,0,1,0,0,1,0,1,0,0,1,1,0,0,1
13,1,2,1,10,1,-1,530,0,1,0,1,0,1,0,0,1,0,1,0,0,1,1,0,0,1
13,1,3,0,0,0,0,0,1,1,0,1,0,1,0,0,1,0,1,0,0,1,1,0,0,1
13,2,1,1,10,1,-1,530,0,1,0,1,0,1,0,0,1,0,1,0,0,1,1,0,0,1
13,2,2,0,5,-1,1,890,0,1,0,1,0,1,0,0,1,0,1,0,0,1,1,0,0,1
13,2,3,0,0,0,0,0,1,1,0,1,0,1,0,0,1,0,1,0,0,1,1,0,0,1
13,3,1,0,5,-1,1,270,0,1,0,1,0,1,0,0,1,0,1,0,0,1,1,0,0,1
13,3,2,1,10,1,-1,530,0,1,0,1,0,1,0,0,1,0,1,0,0,1,1,0,0,1
13,3,3,0,0,0,0,0,1,1,0,1,0,1,0,0,1,0,1,0,0,1,1,0,0,1
13,4,1,1,10,1,-1,270,0,1,0,1,0,1,0,0,1,0,1,0,0,1,1,0,0,1
13,4,2,0,5,-1,1,90,0,1,0,1,0,1,0,0,1,0,1,0,0,1,1,0,0,1
13,4,3,0,0,0,0,0,1,1,0,1,0,1,0,0,1,0,1,0,0,1,1,0,0,1
14,1,1,0,5,-1,1,90,0,1,0,1,0,0,1,0,0,1,0,0,0,0,0,1,0,1
14,1,2,0,10,1,-1,530,0,1,0,1,0,0,1,0,0,1,0,0,0,0,0,1,0,1
14,1,3,1,0,0,0,0,1,1,0,1,0,0,1,0,0,1,0,0,0,0,0,1,0,1
14,2,1,0,10,1,-1,530,0,1,0,1,0,0,1,0,0,1,0,0,0,0,0,1,0,1
14,2,2,1,5,-1,1,890,0,1,0,1,0,0,1,0,0,1,0,0,0,0,0,1,0,1
14,2,3,0,0,0,0,0,1,1,0,1,0,0,1,0,0,1,0,0,0,0,0,1,0,1
14,3,1,1,5,-1,1,270,0,1,0,1,0,0,1,0,0,1,0,0,0,0,0,1,0,1
14,3,2,0,10,1,-1,530,0,1,0,1,0,0,1,0,0,1,0,0,0,0,0,1,0,1
14,3,3,0,0,0,0,0,1,1,0,1,0,0,1,0,0,1,0,0,0,0,0,1,0,1
14,4,1,0,10,1,-1,270,0,1,0,1,0,0,1,0,0,1,0,0,0,0,0,1,0,1
14,4,2,0,5,-1,1,90,0,1,0,1,0,0,1,0,0,1,0,0,0,0,0,1,0,1
14,4,3,1,0,0,0,0,1,1,0,1,0,0,1,0,0,1,0,0,0,0,0,1,0,1
15,1,1,0,5,-1,1,90,0,1,0,0,0,1,0,0,1,0,1,0,0,0,0,1,1,0
15,1,2,1,10,1,-1,530,0,1,0,0,0,1,0,0,1,0,1,0,0,0,0,1,1,0
15,1,3,0,0,0,0,0,1,1,0,0,0,1,0,0,1,0,1,0,0,0,0,1,1,0
15,2,1,1,10,1,-1,530,0,1,0,0,0,1,0,0,1,0,1,0,0,0,0,1,1,0
15,2,2,0,5,-1,1,890,0,1,0,0,0,1,0,0,1,0,1,0,0,0,0,1,1,0
15,2,3,0,0,0,0,0,1,1,0,0,0,1,0,0,1,0,1,0,0,0,0,1,1,0
15,3,1,0,5,-1,1,270,0,1,0,0,0,1,0,0,1,0,1,0,0,0,0,1,1,0
15,3,2,1,10,1,-1,530,0,1,0,0,0,1,0,0,1,0,1,0,0,0,0,1,1,0
15,3,3,0,0,0,0,0,1,1,0,0,0,1,0,0,1,0,1,0,0,0,0,1,1,0
15,4,1,1,10,1,-1,270,0,1,0,0,0,1,0,0,1,0,1,0,0,0,0,1,1,0
15,4,2,0,5,-1,1,90,0,1,0,0,0,1,0,0,1,0,1,0,0,0,0,1,1,0
15,4,3,0,0,0,0,0,1,1,0,0,0,1,0,0,1,0,1,0,0,0,0,1,1,0
16,1,1,1,5,1,-1,270,0,3,0,0,0,1,0,0,1,1,0,0,1,0,0,0,1,0
16,1,2,0,10,-1,1,530,0,3,0,0,0,1,0,0,1,1,0,0,1,0,0,0,1,0
16,1,3,0,0,0,0,0,1,3,0,0,0,1,0,0,1,1,0,0,1,0,0,0,1,0
16,2,1,0,10,-1,-1,90,0,3,0,0,0,1,0,0,1,1,0,0,1,0,0,0,1,0
16,2,2,0,5,1,1,270,0,3,0,0,0,1,0,0,1,1,0,0,1,0,0,0,1,0
16,2,3,1,0,0,0,0,1,3,0,0,0,1,0,0,1,1,0,0,1,0,0,0,1,0
16,3,1,0,5,1,1,890,0,3,0,0,0,1,0,0,1,1,0,0,1,0,0,0,1,0
16,3,2,0,10,-1,-1,90,0,3,0,0,0,1,0,0,1,1,0,0,1,0,0,0,1,0
16,3,3,1,0,0,0,0,1,3,0,0,0,1,0,0,1,1,0,0,1,0,0,0,1,0
16,4,1,0,10,-1,1,530,0,3,0,0,0,1,0,0,1,1,0,0,1,0,0,0,1,0
16,4,2,1,5,1,-1,890,0,3,0,0,0,1,0,0,1,1,0,0,1,0,0,0,1,0
16,4,3,0,0,0,0,0,1,3,0,0,0,1,0,0,1,1,0,0,1,0,0,0,1,0
17,1,1,0,5,-1,1,90,0,1,0,0,0,1,0,0,0,1,0,0,1,0,1,0,1,0
17,1,2,1,10,1,-1,530,0,1,0,0,0,1,0,0,0,1,0,0,1,0,1,0,1,0
17,1,3,0,0,0,0,0,1,1,0,0,0,1,0,0,0,1,0,0,1,0,1,0,1,0
17,2,1,1,10,1,-1,530,0,1,0,0,0,1,0,0,0,1,0,0,1,0,1,0,1,0
17,2,2,0,5,-1,1,890,0,1,0,0,0,1,0,0,0,1,0,0,1,0,1,0,1,0
17,2,3,0,0,0,0,0,1,1,0,0,0,1,0,0,0,1,0,0,1,0,1,0,1,0
17,3,1,0,5,-1,1,270,0,1,0,0,0,1,0,0,0,1,0,0,1,0,1,0,1,0
17,3,2,1,10,1,-1,530,0,1,0,0,0,1,0,0,0,1,0,0,1,0,1,0,1,0
17,3,3,0,0,0,0,0,1,1,0,0,0,1,0,0,0,1,0,0,1,0,1,0,1,0
17,4,1,1,10,1,-1,270,0,1,0,0,0,1,0,0,0,1,0,0,1,0,1,0,1,0
17,4,2,0,5,-1,1,90,0,1,0,0,0,1,0,0,0,1,0,0,1,0,1,0,1,0
17,4,3,0,0,0,0,0,1,1,0,0,0,1,0,0,0,1,0,0,1,0,1,0,1,0
18,1,1,0,10,1,1,270,0,4,0,1,1,1,0,0,0,1,0,0,1,0,1,0,0,1
18,1,2,1,5,-1,-1,530,0,4,0,1,1,1,0,0,0,1,0,0,1,0,1,0,0,1
18,1,3,0,0,0,0,0,1,4,0,1,1,1,0,0,0,1,0,0,1,0,1,0,0,1
18,2,1,0,10,-1,1,890,0,4,0,1,1,1,0,0,0,1,0,0,1,0,1,0,0,1
18,2,2,0,5,1,-1,90,0,4,0,1,1,1,0,0,0,1,0,0,1,0,1,0,0,1
18,2,3,1,0,0,0,0,1,4,0,1,1,1,0,0,0,1,0,0,1,0,1,0,0,1
18,3,1,1,5,1,-1,90,0,4,0,1,1,1,0,0,0,1,0,0,1,0,1,0,0,1
18,3,2,0,10,-1,1,270,0,4,0,1,1,1,0,0,0,1,0,0,1,0,1,0,0,1
18,3,3,0,0,0,0,0,1,4,0,1,1,1,0,0,0,1,0,0,1,0,1,0,0,1
18,4,1,1,5,-1,-1,530,0,4,0,1,1,1,0,0,0,1,0,0,1,0,1,0,0,1
18,4,2,0,10,1,1,890,0,4,0,1,1,1,0,0,0,1,0,0,1,0,1,0,0,1
18,4,3,0,0,0,0,0,1,4,0,1,1,1,0,0,0,1,0,0,1,0,1,0,0,1
19,1,1,1,5,1,-1,270,0,3,0,1,0,1,0,0,1,0,1,0,0,0,0,1,1,0
19,1,2,0,10,-1,1,530,0,3,0,1,0,1,0,0,1,0,1,0,0,0,0,1,1,0
19,1,3,0,0,0,0,0,1,3,0,1,0,1,0,0,1,0,1,0,0,0,0,1,1,0
19,2,1,1,10,-1,-1,90,0,3,0,1,0,1,0,0,1,0,1,0,0,0,0,1,1,0
19,2,2,0,5,1,1,270,0,3,0,1,0,1,0,0,1,0,1,0,0,0,0,1,1,0
19,2,3,0,0,0,0,0,1,3,0,1,0,1,0,0,1,0,1,0,0,0,0,1,1,0
19,3,1,0,5,1,1,890,0,3,0,1,0,1,0,0,1,0,1,0,0,0,0,1,1,0
19,3,2,1,10,-1,-1,90,0,3,0,1,0,1,0,0,1,0,1,0,0,0,0,1,1,0
19,3,3,0,0,0,0,0,1,3,0,1,0,1,0,0,1,0,1,0,0,0,0,1,1,0
19,4,1,0,10,-1,1,530,0,3,0,1,0,1,0,0,1,0,1,0,0,0,0,1,1,0
19,4,2,1,5,1,-1,890,0,3,0,1,0,1,0,0,1,0,1,0,0,0,0,1,1,0
19,4,3,0,0,0,0,0,1,3,0,1,0,1,0,0,1,0,1,0,0,0,0,1,1,0
19,1,1,1,5,-1,-1,890,0,2,0,1,0,1,0,0,1,1,0,0,1,0,1,0,0,1
19,1,2,0,10,1,1,90,0,2,0,1,0,1,0,0,1,1,0,0,1,0,1,0,0,1
19,1,3,0,0,0,0,0,1,2,0,1,0,1,0,0,1,1,0,0,1,0,1,0,0,1
19,2,1,1,5,1,1,530,0,2,0,1,0,1,0,0,1,1,0,0,1,0,1,0,0,1
19,2,2,0,10,-1,-1,890,0,2,0,1,0,1,0,0,1,1,0,0,1,0,1,0,0,1
19,2,3,0,0,0,0,0,1,2,0,1,0,1,0,0,1,1,0,0,1,0,1,0,0,1
19,3,1,0,10,-1,-1,270,0,2,0,1,0,1,0,0,1,1,0,0,1,0,1,0,0,1
19,3,2,1,5,1,1,530,0,2,0,1,0,1,0,0,1,1,0,0,1,0,1,0,0,1
19,3,3,0,0,0,0,0,1,2,0,1,0,1,0,0,1,1,0,0,1,0,1,0,0,1
19,4,1,0,10,1,1,90,0,2,0,1,0,1,0,0,1,1,0,0,1,0,1,0,0,1
19,4,2,1,5,-1,-1,270,0,2,0,1,0,1,0,0,1,1,0,0,1,0,1,0,0,1
19,4,3,0,0,0,0,0,1,2,0,1,0,1,0,0,1,1,0,0,1,0,1,0,0,1
20,1,1,1,5,-1,1,270,0,3,-999,-999,-999,1,0,0,1,0,1,0,0,0,1,0,1,0
20,1,2,0,10,-1,1,90,0,3,-999,-999,-999,1,0,0,1,0,1,0,0,0,1,0,1,0
20,1,3,0,0,0,0,0,1,3,-999,-999,-999,1,0,0,1,0,1,0,0,0,1,0,1,0
20,2,1,0,10,-1,-1,890,0,3,-999,-999,-999,1,0,0,1,0,1,0,0,0,1,0,1,0
20,2,2,1,5,1,-1,90,0,3,-999,-999,-999,1,0,0,1,0,1,0,0,0,1,0,1,0
20,2,3,0,0,0,0,0,1,3,-999,-999,-999,1,0,0,1,0,1,0,0,0,1,0,1,0
20,3,1,0,10,1,1,890,0,3,-999,-999,-999,1,0,0,1,0,1,0,0,0,1,0,1,0
20,3,2,1,5,1,-1,90,0,3,-999,-999,-999,1,0,0,1,0,1,0,0,0,1,0,1,0
20,3,3,0,0,0,0,0,1,3,-999,-999,-999,1,0,0,1,0,1,0,0,0,1,0,1,0
20,4,1,1,5,-1,-1,90,0,3,-999,-999,-999,1,0,0,1,0,1,0,0,0,1,0,1,0
20,4,2,0,10,-1,1,270,0,3,-999,-999,-999,1,0,0,1,0,1,0,0,0,1,0,1,0
20,4,3,0,0,0,0,0,1,3,-999,-999,-999,1,0,0,1,0,1,0,0,0,1,0,1,0
21,1,1,1,5,-1,1,270,0,3,0,0,0,0,0,1,0,1,0,1,0,0,1,0,1,0
21,1,2,0,10,-1,1,90,0,3,0,0,0,0,0,1,0,1,0,1,0,0,1,0,1,0
21,1,3,0,0,0,0,0,1,3,0,0,0,0,0,1,0,1,0,1,0,0,1,0,1,0
21,2,1,1,10,-1,-1,890,0,3,0,0,0,0,0,1,0,1,0,1,0,0,1,0,1,0
21,2,2,0,5,1,-1,90,0,3,0,0,0,0,0,1,0,1,0,1,0,0,1,0,1,0
21,2,3,0,0,0,0,0,1,3,0,0,0,0,0,1,0,1,0,1,0,0,1,0,1,0
21,3,1,1,10,1,1,890,0,3,0,0,0,0,0,1,0,1,0,1,0,0,1,0,1,0
21,3,2,0,5,1,-1,90,0,3,0,0,0,0,0,1,0,1,0,1,0,0,1,0,1,0
21,3,3,0,0,0,0,0,1,3,0,0,0,0,0,1,0,1,0,1,0,0,1,0,1,0
21,4,1,0,5,-1,-1,90,0,3,0,0,0,0,0,1,0,1,0,1,0,0,1,0,1,0
21,4,2,1,10,-1,1,270,0,3,0,0,0,0,0,1,0,1,0,1,0,0,1,0,1,0
21,4,3,0,0,0,0,0,1,3,0,0,0,0,0,1,0,1,0,1,0,0,1,0,1,0
22,1,1,1,5,1,1,530,0,1,0,0,0,0,0,1,0,1,0,1,0,0,0,1,1,0
22,1,2,0,10,1,-1,90,0,1,0,0,0,0,0,1,0,1,0,1,0,0,0,1,1,0
22,1,3,0,0,0,0,0,1,1,0,0,0,0,0,1,0,1,0,1,0,0,0,1,1,0
22,2,1,0,10,1,1,270,0,1,0,0,0,0,0,1,0,1,0,1,0,0,0,1,1,0
22,2,2,1,5,-1,-1,890,0,1,0,0,0,0,0,1,0,1,0,1,0,0,0,1,1,0
22,2,3,0,0,0,0,0,1,1,0,0,0,0,0,1,0,1,0,1,0,0,0,1,1,0
22,3,1,0,10,-1,-1,890,0,1,0,0,0,0,0,1,0,1,0,1,0,0,0,1,1,0
22,3,2,1,5,1,1,270,0,1,0,0,0,0,0,1,0,1,0,1,0,0,0,1,1,0
22,3,3,0,0,0,0,0,1,1,0,0,0,0,0,1,0,1,0,1,0,0,0,1,1,0
22,4,1,0,5,1,-1,90,0,1,0,0,0,0,0,1,0,1,0,1,0,0,0,1,1,0
22,4,2,1,10,-1,1,890,0,1,0,0,0,0,0,1,0,1,0,1,0,0,0,1,1,0
22,4,3,0,0,0,0,0,1,1,0,0,0,0,0,1,0,1,0,1,0,0,0,1,1,0
23,1,1,1,5,1,1,530,0,2,0,0,0,0,0,1,0,1,0,0,0,0,1,0,1,0
23,1,2,0,10,-1,-1,530,0,2,0,0,0,0,0,1,0,1,0,0,0,0,1,0,1,0
23,1,3,0,0,0,0,0,1,2,0,0,0,0,0,1,0,1,0,0,0,0,1,0,1,0
23,2,1,0,10,-1,-1,270,0,2,0,0,0,0,0,1,0,1,0,0,0,0,1,0,1,0
23,2,2,1,5,1,1,530,0,2,0,0,0,0,0,1,0,1,0,0,0,0,1,0,1,0
23,2,3,0,0,0,0,0,1,2,0,0,0,0,0,1,0,1,0,0,0,0,1,0,1,0
23,3,1,0,10,-1,1,270,0,2,0,0,0,0,0,1,0,1,0,0,0,0,1,0,1,0
23,3,2,1,5,-1,1,530,0,2,0,0,0,0,0,1,0,1,0,0,0,0,1,0,1,0
23,3,3,0,0,0,0,0,1,2,0,0,0,0,0,1,0,1,0,0,0,0,1,0,1,0
23,4,1,1,5,-1,-1,530,0,2,0,0,0,0,0,1,0,1,0,0,0,0,1,0,1,0
23,4,2,0,10,1,-1,270,0,2,0,0,0,0,0,1,0,1,0,0,0,0,1,0,1,0
23,4,3,0,0,0,0,0,1,2,0,0,0,0,0,1,0,1,0,0,0,0,1,0,1,0
24,1,1,0,5,-1,-1,530,0,4,0,0,0,1,0,0,0,1,0,0,0,0,1,0,1,0
24,1,2,1,10,1,1,530,0,4,0,0,0,1,0,0,0,1,0,0,0,0,1,0,1,0
24,1,3,0,0,0,0,0,1,4,0,0,0,1,0,0,0,1,0,0,0,0,1,0,1,0
24,2,1,1,5,1,1,890,0,4,0,0,0,1,0,0,0,1,0,0,0,0,1,0,1,0
24,2,2,0,10,-1,-1,270,0,4,0,0,0,1,0,0,0,1,0,0,0,0,1,0,1,0
24,2,3,0,0,0,0,0,1,4,0,0,0,1,0,0,0,1,0,0,0,0,1,0,1,0
24,3,1,0,10,1,-1,90,0,4,0,0,0,1,0,0,0,1,0,0,0,0,1,0,1,0
24,3,2,1,5,1,1,890,0,4,0,0,0,1,0,0,0,1,0,0,0,0,1,0,1,0
24,3,3,0,0,0,0,0,1,4,0,0,0,1,0,0,0,1,0,0,0,0,1,0,1,0
24,4,1,0,10,1,1,90,0,4,0,0,0,1,0,0,0,1,0,0,0,0,1,0,1,0
24,4,2,1,5,-1,-1,890,0,4,0,0,0,1,0,0,0,1,0,0,0,0,1,0,1,0
24,4,3,0,0,0,0,0,1,4,0,0,0,1,0,0,0,1,0,0,0,0,1,0,1,0
25,1,1,1,5,-1,1,270,0,3,0,0,0,0,1,0,1,0,1,1,0,1,1,0,0,1
25,1,2,0,10,-1,1,90,0,3,0,0,0,0,1,0,1,0,1,1,0,1,1,0,0,1
25,1,3,0,0,0,0,0,1,3,0,0,0,0,1,0,1,0,1,1,0,1,1,0,0,1
25,2,1,1,10,-1,-1,890,0,3,0,0,0,0,1,0,1,0,1,1,0,1,1,0,0,1
25,2,2,0,5,1,-1,90,0,3,0,0,0,0,1,0,1,0,1,1,0,1,1,0,0,1
25,2,3,0,0,0,0,0,1,3,0,0,0,0,1,0,1,0,1,1,0,1,1,0,0,1
25,3,1,1,10,1,1,890,0,3,0,0,0,0,1,0,1,0,1,1,0,1,1,0,0,1
25,3,2,0,5,1,-1,90,0,3,0,0,0,0,1,0,1,0,1,1,0,1,1,0,0,1
25,3,3,0,0,0,0,0,1,3,0,0,0,0,1,0,1,0,1,1,0,1,1,0,0,1
25,4,1,0,5,-1,-1,90,0,3,0,0,0,0,1,0,1,0,1,1,0,1,1,0,0,1
25,4,2,1,10,-1,1,270,0,3,0,0,0,0,1,0,1,0,1,1,0,1,1,0,0,1
25,4,3,0,0,0,0,0,1,3,0,0,0,0,1,0,1,0,1,1,0,1,1,0,0,1
26,1,1,1,5,-1,-1,530,0,4,0,0,0,1,0,0,0,1,0,1,1,0,0,1,1,0
26,1,2,0,10,1,1,530,0,4,0,0,0,1,0,0,0,1,0,1,1,0,0,1,1,0
26,1,3,0,0,0,0,0,1,4,0,0,0,1,0,0,0,1,0,1,1,0,0,1,1,0
26,2,1,0,5,1,1,890,0,4,0,0,0,1,0,0,0,1,0,1,1,0,0,1,1,0
26,2,2,1,10,-1,-1,270,0,4,0,0,0,1,0,0,0,1,0,1,1,0,0,1,1,0
26,2,3,0,0,0,0,0,1,4,0,0,0,1,0,0,0,1,0,1,1,0,0,1,1,0
26,3,1,0,10,1,-1,90,0,4,0,0,0,1,0,0,0,1,0,1,1,0,0,1,1,0
26,3,2,0,5,1,1,890,0,4,0,0,0,1,0,0,0,1,0,1,1,0,0,1,1,0
26,3,3,1,0,0,0,0,1,4,0,0,0,1,0,0,0,1,0,1,1,0,0,1,1,0
26,4,1,0,10,1,1,90,0,4,0,0,0,1,0,0,0,1,0,1,1,0,0,1,1,0
26,4,2,1,5,-1,-1,890,0,4,0,0,0,1,0,0,0,1,0,1,1,0,0,1,1,0
26,4,3,0,0,0,0,0,1,4,0,0,0,1,0,0,0,1,0,1,1,0,0,1,1,0
26,1,1,1,5,-1,-1,530,0,4,-999,-999,-999,1,0,0,1,1,0,0,0,1,1,0,1,0
26,1,2,0,10,1,1,530,0,4,-999,-999,-999,1,0,0,1,1,0,0,0,1,1,0,1,0
26,1,3,0,0,0,0,0,1,4,-999,-999,-999,1,0,0,1,1,0,0,0,1,1,0,1,0
26,2,1,0,5,1,1,890,0,4,-999,-999,-999,1,0,0,1,1,0,0,0,1,1,0,1,0
26,2,2,0,10,-1,-1,270,0,4,-999,-999,-999,1,0,0,1,1,0,0,0,1,1,0,1,0
26,2,3,1,0,0,0,0,1,4,-999,-999,-999,1,0,0,1,1,0,0,0,1,1,0,1,0
26,3,1,0,10,1,-1,90,0,4,-999,-999,-999,1,0,0,1,1,0,0,0,1,1,0,1,0
26,3,2,0,5,1,1,890,0,4,-999,-999,-999,1,0,0,1,1,0,0,0,1,1,0,1,0
26,3,3,1,0,0,0,0,1,4,-999,-999,-999,1,0,0,1,1,0,0,0,1,1,0,1,0
26,4,1,0,10,1,1,90,0,4,-999,-999,-999,1,0,0,1,1,0,0,0,1,1,0,1,0
26,4,2,1,5,-1,-1,890,0,4,-999,-999,-999,1,0,0,1,1,0,0,0,1,1,0,1,0
26,4,3,0,0,0,0,0,1,4,-999,-999,-999,1,0,0,1,1,0,0,0,1,1,0,1,0
27,1,1,1,5,-1,-1,530,0,4,0,0,0,1,0,0,1,0,1,1,0,0,1,0,1,0
27,1,2,0,10,1,1,530,0,4,0,0,0,1,0,0,1,0,1,1,0,0,1,0,1,0
27,1,3,0,0,0,0,0,1,4,0,0,0,1,0,0,1,0,1,1,0,0,1,0,1,0
27,2,1,0,5,1,1,890,0,4,0,0,0,1,0,0,1,0,1,1,0,0,1,0,1,0
27,2,2,0,10,-1,-1,270,0,4,0,0,0,1,0,0,1,0,1,1,0,0,1,0,1,0
27,2,3,1,0,0,0,0,1,4,0,0,0,1,0,0,1,0,1,1,0,0,1,0,1,0
27,3,1,0,10,1,-1,90,0,4,0,0,0,1,0,0,1,0,1,1,0,0,1,0,1,0
27,3,2,0,5,1,1,890,0,4,0,0,0,1,0,0,1,0,1,1,0,0,1,0,1,0
27,3,3,1,0,0,0,0,1,4,0,0,0,1,0,0,1,0,1,1,0,0,1,0,1,0
27,4,1,0,10,1,1,90,0,4,0,0,0,1,0,0,1,0,1,1,0,0,1,0,1,0
27,4,2,1,5,-1,-1,890,0,4,0,0,0,1,0,0,1,0,1,1,0,0,1,0,1,0
27,4,3,0,0,0,0,0,1,4,0,0,0,1,0,0,1,0,1,1,0,0,1,0,1,0
27,1,1,1,5,-1,-1,530,0,4,0,0,0,0,0,1,0,0,1,1,1,0,0,1,0,1
27,1,2,0,10,1,1,530,0,4,0,0,0,0,0,1,0,0,1,1,1,0,0,1,0,1
27,1,3,0,0,0,0,0,1,4,0,0,0,0,0,1,0,0,1,1,1,0,0,1,0,1
27,2,1,1,5,1,1,890,0,4,0,0,0,0,0,1,0,0,1,1,1,0,0,1,0,1
27,2,2,0,10,-1,-1,270,0,4,0,0,0,0,0,1,0,0,1,1,1,0,0,1,0,1
27,2,3,0,0,0,0,0,1,4,0,0,0,0,0,1,0,0,1,1,1,0,0,1,0,1
27,3,1,0,10,1,-1,90,0,4,0,0,0,0,0,1,0,0,1,1,1,0,0,1,0,1
27,3,2,1,5,1,1,890,0,4,0,0,0,0,0,1,0,0,1,1,1,0,0,1,0,1
27,3,3,0,0,0,0,0,1,4,0,0,0,0,0,1,0,0,1,1,1,0,0,1,0,1
27,4,1,0,10,1,1,90,0,4,0,0,0,0,0,1,0,0,1,1,1,0,0,1,0,1
27,4,2,0,5,-1,-1,890,0,4,0,0,0,0,0,1,0,0,1,1,1,0,0,1,0,1
27,4,3,1,0,0,0,0,1,4,0,0,0,0,0,1,0,0,1,1,1,0,0,1,0,1
28,1,1,0,5,1,1,530,0,2,0,0,0,1,0,0,0,1,0,1,0,0,0,1,1,0
28,1,2,1,10,-1,-1,530,0,2,0,0,0,1,0,0,0,1,0,1,0,0,0,1,1,0
28,1,3,0,0,0,0,0,1,2,0,0,0,1,0,0,0,1,0,1,0,0,0,1,1,0
28,2,1,1,10,-1,-1,270,0,2,0,0,0,1,0,0,0,1,0,1,0,0,0,1,1,0
28,2,2,0,5,1,1,530,0,2,0,0,0,1,0,0,0,1,0,1,0,0,0,1,1,0
28,2,3,0,0,0,0,0,1,2,0,0,0,1,0,0,0,1,0,1,0,0,0,1,1,0
28,3,1,0,10,-1,1,270,0,2,0,0,0,1,0,0,0,1,0,1,0,0,0,1,1,0
28,3,2,0,5,-1,1,530,0,2,0,0,0,1,0,0,0,1,0,1,0,0,0,1,1,0
28,3,3,1,0,0,0,0,1,2,0,0,0,1,0,0,0,1,0,1,0,0,0,1,1,0
28,4,1,1,5,-1,-1,530,0,2,0,0,0,1,0,0,0,1,0,1,0,0,0,1,1,0
28,4,2,0,10,1,-1,270,0,2,0,0,0,1,0,0,0,1,0,1,0,0,0,1,1,0
28,4,3,0,0,0,0,0,1,2,0,0,0,1,0,0,0,1,0,1,0,0,0,1,1,0
29,1,1,1,5,1,1,530,0,1,-999,-999,-999,1,0,0,0,1,0,0,0,0,1,0,0,1
29,1,2,0,10,1,-1,90,0,1,-999,-999,-999,1,0,0,0,1,0,0,0,0,1,0,0,1
29,1,3,0,0,0,0,0,1,1,-999,-999,-999,1,0,0,0,1,0,0,0,0,1,0,0,1
29,2,1,0,10,1,1,270,0,1,-999,-999,-999,1,0,0,0,1,0,0,0,0,1,0,0,1
29,2,2,1,5,-1,-1,890,0,1,-999,-999,-999,1,0,0,0,1,0,0,0,0,1,0,0,1
29,2,3,0,0,0,0,0,1,1,-999,-999,-999,1,0,0,0,1,0,0,0,0,1,0,0,1
29,3,1,1,10,-1,-1,890,0,1,-999,-999,-999,1,0,0,0,1,0,0,0,0,1,0,0,1
29,3,2,0,5,1,1,270,0,1,-999,-999,-999,1,0,0,0,1,0,0,0,0,1,0,0,1
29,3,3,0,0,0,0,0,1,1,-999,-999,-999,1,0,0,0,1,0,0,0,0,1,0,0,1
29,4,1,0,5,1,-1,90,0,1,-999,-999,-999,1,0,0,0,1,0,0,0,0,1,0,0,1
29,4,2,1,10,-1,1,890,0,1,-999,-999,-999,1,0,0,0,1,0,0,0,0,1,0,0,1
29,4,3,0,0,0,0,0,1,1,-999,-999,-999,1,0,0,0,1,0,0,0,0,1,0,0,1
30,1,1,1,5,1,1,530,0,1,0,0,0,1,0,0,0,0,1,1,0,0,0,1,1,0
30,1,2,0,10,1,-1,90,0,1,0,0,0,1,0,0,0,0,1,1,0,0,0,1,1,0
30,1,3,0,0,0,0,0,1,1,0,0,0,1,0,0,0,0,1,1,0,0,0,1,1,0
30,2,1,0,10,1,1,270,0,1,0,0,0,1,0,0,0,0,1,1,0,0,0,1,1,0
30,2,2,1,5,-1,-1,890,0,1,0,0,0,1,0,0,0,0,1,1,0,0,0,1,1,0
30,2,3,0,0,0,0,0,1,1,0,0,0,1,0,0,0,0,1,1,0,0,0,1,1,0
30,3,1,1,10,-1,-1,890,0,1,0,0,0,1,0,0,0,0,1,1,0,0,0,1,1,0
30,3,2,0,5,1,1,270,0,1,0,0,0,1,0,0,0,0,1,1,0,0,0,1,1,0
30,3,3,0,0,0,0,0,1,1,0,0,0,1,0,0,0,0,1,1,0,0,0,1,1,0
30,4,1,1,5,1,-1,90,0,1,0,0,0,1,0,0,0,0,1,1,0,0,0,1,1,0
30,4,2,0,10,-1,1,890,0,1,0,0,0,1,0,0,0,0,1,1,0,0,0,1,1,0
30,4,3,0,0,0,0,0,1,1,0,0,0,1,0,0,0,0,1,1,0,0,0,1,1,0
31,1,1,1,5,-1,1,270,0,3,-999,-999,-999,1,0,0,0,0,1,0,0,0,1,0,1,0
31,1,2,0,10,-1,1,90,0,3,-999,-999,-999,1,0,0,0,0,1,0,0,0,1,0,1,0
31,1,3,0,0,0,0,0,1,3,-999,-999,-999,1,0,0,0,0,1,0,0,0,1,0,1,0
31,2,1,1,10,-1,-1,890,0,3,-999,-999,-999,1,0,0,0,0,1,0,0,0,1,0,1,0
31,2,2,0,5,1,-1,90,0,3,-999,-999,-999,1,0,0,0,0,1,0,0,0,1,0,1,0
31,2,3,0,0,0,0,0,1,3,-999,-999,-999,1,0,0,0,0,1,0,0,0,1,0,1,0
31,3,1,0,10,1,1,890,0,3,-999,-999,-999,1,0,0,0,0,1,0,0,0,1,0,1,0
31,3,2,1,5,1,-1,90,0,3,-999,-999,-999,1,0,0,0,0,1,0,0,0,1,0,1,0
31,3,3,0,0,0,0,0,1,3,-999,-999,-999,1,0,0,0,0,1,0,0,0,1,0,1,0
31,4,1,1,5,-1,-1,90,0,3,-999,-999,-999,1,0,0,0,0,1,0,0,0,1,0,1,0
31,4,2,0,10,-1,1,270,0,3,-999,-999,-999,1,0,0,0,0,1,0,0,0,1,0,1,0
31,4,3,0,0,0,0,0,1,3,-999,-999,-999,1,0,0,0,0,1,0,0,0,1,0,1,0
32,1,1,1,5,-1,1,270,0,3,0,1,0,1,0,0,1,0,1,0,0,0,1,0,0,1
32,1,2,0,10,-1,1,90,0,3,0,1,0,1,0,0,1,0,1,0,0,0,1,0,0,1
32,1,3,0,0,0,0,0,1,3,0,1,0,1,0,0,1,0,1,0,0,0,1,0,0,1
32,2,1,0,10,-1,-1,890,0,3,0,1,0,1,0,0,1,0,1,0,0,0,1,0,0,1
32,2,2,1,5,1,-1,90,0,3,0,1,0,1,0,0,1,0,1,0,0,0,1,0,0,1
32,2,3,0,0,0,0,0,1,3,0,1,0,1,0,0,1,0,1,0,0,0,1,0,0,1
32,3,1,1,10,1,1,890,0,3,0,1,0,1,0,0,1,0,1,0,0,0,1,0,0,1
32,3,2,0,5,1,-1,90,0,3,0,1,0,1,0,0,1,0,1,0,0,0,1,0,0,1
32,3,3,0,0,0,0,0,1,3,0,1,0,1,0,0,1,0,1,0,0,0,1,0,0,1
32,4,1,0,5,-1,-1,90,0,3,0,1,0,1,0,0,1,0,1,0,0,0,1,0,0,1
32,4,2,1,10,-1,1,270,0,3,0,1,0,1,0,0,1,0,1,0,0,0,1,0,0,1
32,4,3,0,0,0,0,0,1,3,0,1,0,1,0,0,1,0,1,0,0,0,1,0,0,1
32,1,1,0,5,1,1,530,0,1,0,0,0,1,0,0,1,1,0,1,0,0,0,0,1,0
32,1,2,0,10,1,-1,90,0,1,0,0,0,1,0,0,1,1,0,1,0,0,0,0,1,0
32,1,3,1,0,0,0,0,1,1,0,0,0,1,0,0,1,1,0,1,0,0,0,0,1,0
32,2,1,0,10,1,1,270,0,1,0,0,0,1,0,0,1,1,0,1,0,0,0,0,1,0
32,2,2,1,5,-1,-1,890,0,1,0,0,0,1,0,0,1,1,0,1,0,0,0,0,1,0
32,2,3,0,0,0,0,0,1,1,0,0,0,1,0,0,1,1,0,1,0,0,0,0,1,0
32,3,1,1,10,-1,-1,890,0,1,0,0,0,1,0,0,1,1,0,1,0,0,0,0,1,0
32,3,2,0,5,1,1,270,0,1,0,0,0,1,0,0,1,1,0,1,0,0,0,0,1,0
32,3,3,0,0,0,0,0,1,1,0,0,0,1,0,0,1,1,0,1,0,0,0,0,1,0
32,4,1,0,5,1,-1,90,0,1,0,0,0,1,0,0,1,1,0,1,0,0,0,0,1,0
32,4,2,0,10,-1,1,890,0,1,0,0,0,1,0,0,1,1,0,1,0,0,0,0,1,0
32,4,3,1,0,0,0,0,1,1,0,0,0,1,0,0,1,1,0,1,0,0,0,0,1,0
33,1,1,0,5,1,1,530,0,2,0,0,0,1,0,0,1,0,1,1,0,0,1,0,1,0
33,1,2,1,10,-1,-1,530,0,2,0,0,0,1,0,0,1,0,1,1,0,0,1,0,1,0
33,1,3,0,0,0,0,0,1,2,0,0,0,1,0,0,1,0,1,1,0,0,1,0,1,0
33,2,1,0,10,-1,-1,270,0,2,0,0,0,1,0,0,1,0,1,1,0,0,1,0,1,0
33,2,2,0,5,1,1,530,0,2,0,0,0,1,0,0,1,0,1,1,0,0,1,0,1,0
33,2,3,1,0,0,0,0,1,2,0,0,0,1,0,0,1,0,1,1,0,0,1,0,1,0
33,3,1,0,10,-1,1,270,0,2,0,0,0,1,0,0,1,0,1,1,0,0,1,0,1,0
33,3,2,0,5,-1,1,530,0,2,0,0,0,1,0,0,1,0,1,1,0,0,1,0,1,0
33,3,3,1,0,0,0,0,1,2,0,0,0,1,0,0,1,0,1,1,0,0,1,0,1,0
33,4,1,1,5,-1,-1,530,0,2,0,0,0,1,0,0,1,0,1,1,0,0,1,0,1,0
33,4,2,0,10,1,-1,270,0,2,0,0,0,1,0,0,1,0,1,1,0,0,1,0,1,0
33,4,3,0,0,0,0,0,1,2,0,0,0,1,0,0,1,0,1,1,0,0,1,0,1,0
34,1,1,1,5,1,1,530,0,1,0,1,0,1,0,0,0,0,1,1,0,0,1,0,1,0
34,1,2,0,10,1,-1,90,0,1,0,1,0,1,0,0,0,0,1,1,0,0,1,0,1,0
34,1,3,0,0,0,0,0,1,1,0,1,0,1,0,0,0,0,1,1,0,0,1,0,1,0
34,2,1,0,10,1,1,270,0,1,0,1,0,1,0,0,0,0,1,1,0,0,1,0,1,0
34,2,2,1,5,-1,-1,890,0,1,0,1,0,1,0,0,0,0,1,1,0,0,1,0,1,0
34,2,3,0,0,0,0,0,1,1,0,1,0,1,0,0,0,0,1,1,0,0,1,0,1,0
34,3,1,1,10,-1,-1,890,0,1,0,1,0,1,0,0,0,0,1,1,0,0,1,0,1,0
34,3,2,0,5,1,1,270,0,1,0,1,0,1,0,0,0,0,1,1,0,0,1,0,1,0
34,3,3,0,0,0,0,0,1,1,0,1,0,1,0,0,0,0,1,1,0,0,1,0,1,0
34,4,1,0,5,1,-1,90,0,1,0,1,0,1,0,0,0,0,1,1,0,0,1,0,1,0
34,4,2,1,10,-1,1,890,0,1,0,1,0,1,0,0,0,0,1,1,0,0,1,0,1,0
34,4,3,0,0,0,0,0,1,1,0,1,0,1,0,0,0,0,1,1,0,0,1,0,1,0
35,1,1,0,5,1,1,530,0,2,0,0,0,1,0,0,1,0,1,0,0,0,0,1,0,1
35,1,2,1,10,-1,-1,530,0,2,0,0,0,1,0,0,1,0,1,0,0,0,0,1,0,1
35,1,3,0,0,0,0,0,1,2,0,0,0,1,0,0,1,0,1,0,0,0,0,1,0,1
35,2,1,1,10,-1,-1,270,0,2,0,0,0,1,0,0,1,0,1,0,0,0,0,1,0,1
35,2,2,0,5,1,1,530,0,2,0,0,0,1,0,0,1,0,1,0,0,0,0,1,0,1
35,2,3,0,0,0,0,0,1,2,0,0,0,1,0,0,1,0,1,0,0,0,0,1,0,1
35,3,1,0,10,-1,1,270,0,2,0,0,0,1,0,0,1,0,1,0,0,0,0,1,0,1
35,3,2,1,5,-1,1,530,0,2,0,0,0,1,0,0,1,0,1,0,0,0,0,1,0,1
35,3,3,0,0,0,0,0,1,2,0,0,0,1,0,0,1,0,1,0,0,0,0,1,0,1
35,4,1,0,5,-1,-1,530,0,2,0,0,0,1,0,0,1,0,1,0,0,0,0,1,0,1
35,4,2,1,10,1,-1,270,0,2,0,0,0,1,0,0,1,0,1,0,0,0,0,1,0,1
35,4,3,0,0,0,0,0,1,2,0,0,0,1,0,0,1,0,1,0,0,0,0,1,0,1
36,1,1,0,5,-1,1,270,0,3,0,0,0,1,0,0,0,1,0,1,0,0,1,0,0,1
36,1,2,0,10,-1,1,90,0,3,0,0,0,1,0,0,0,1,0,1,0,0,1,0,0,1
36,1,3,1,0,0,0,0,1,3,0,0,0,1,0,0,0,1,0,1,0,0,1,0,0,1
36,2,1,0,10,-1,-1,890,0,3,0,0,0,1,0,0,0,1,0,1,0,0,1,0,0,1
36,2,2,0,5,1,-1,90,0,3,0,0,0,1,0,0,0,1,0,1,0,0,1,0,0,1
36,2,3,1,0,0,0,0,1,3,0,0,0,1,0,0,0,1,0,1,0,0,1,0,0,1
36,3,1,1,10,1,1,890,0,3,0,0,0,1,0,0,0,1,0,1,0,0,1,0,0,1
36,3,2,0,5,1,-1,90,0,3,0,0,0,1,0,0,0,1,0,1,0,0,1,0,0,1
36,3,3,0,0,0,0,0,1,3,0,0,0,1,0,0,0,1,0,1,0,0,1,0,0,1
36,4,1,0,5,-1,-1,90,0,3,0,0,0,1,0,0,0,1,0,1,0,0,1,0,0,1
36,4,2,0,10,-1,1,270,0,3,0,0,0,1,0,0,0,1,0,1,0,0,1,0,0,1
36,4,3,1,0,0,0,0,1,3,0,0,0,1,0,0,0,1,0,1,0,0,1,0,0,1
36,1,1,1,5,-1,-1,530,0,4,0,0,0,1,0,0,0,1,0,1,0,0,0,1,0,1
36,1,2,0,10,1,1,530,0,4,0,0,0,1,0,0,0,1,0,1,0,0,0,1,0,1
36,1,3,0,0,0,0,0,1,4,0,0,0,1,0,0,0,1,0,1,0,0,0,1,0,1
36,2,1,1,5,1,1,890,0,4,0,0,0,1,0,0,0,1,0,1,0,0,0,1,0,1
36,2,2,0,10,-1,-1,270,0,4,0,0,0,1,0,0,0,1,0,1,0,0,0,1,0,1
36,2,3,0,0,0,0,0,1,4,0,0,0,1,0,0,0,1,0,1,0,0,0,1,0,1
36,3,1,0,10,1,-1,90,0,4,0,0,0,1,0,0,0,1,0,1,0,0,0,1,0,1
36,3,2,1,5,1,1,890,0,4,0,0,0,1,0,0,0,1,0,1,0,0,0,1,0,1
36,3,3,0,0,0,0,0,1,4,0,0,0,1,0,0,0,1,0,1,0,0,0,1,0,1
36,4,1,0,10,1,1,90,0,4,0,0,0,1,0,0,0,1,0,1,0,0,0,1,0,1
36,4,2,1,5,-1,-1,890,0,4,0,0,0,1,0,0,0,1,0,1,0,0,0,1,0,1
36,4,3,0,0,0,0,0,1,4,0,0,0,1,0,0,0,1,0,1,0,0,0,1,0,1
37,1,1,0,5,1,1,530,0,1,0,0,0,1,0,0,1,1,0,0,0,0,1,0,1,0
37,1,2,0,10,1,-1,90,0,1,0,0,0,1,0,0,1,1,0,0,0,0,1,0,1,0
37,1,3,1,0,0,0,0,1,1,0,0,0,1,0,0,1,1,0,0,0,0,1,0,1,0
37,2,1,0,10,1,1,270,0,1,0,0,0,1,0,0,1,1,0,0,0,0,1,0,1,0
37,2,2,1,5,-1,-1,890,0,1,0,0,0,1,0,0,1,1,0,0,0,0,1,0,1,0
37,2,3,0,0,0,0,0,1,1,0,0,0,1,0,0,1,1,0,0,0,0,1,0,1,0
37,3,1,1,10,-1,-1,890,0,1,0,0,0,1,0,0,1,1,0,0,0,0,1,0,1,0
37,3,2,0,5,1,1,270,0,1,0,0,0,1,0,0,1,1,0,0,0,0,1,0,1,0
37,3,3,0,0,0,0,0,1,1,0,0,0,1,0,0,1,1,0,0,0,0,1,0,1,0
37,4,1,0,5,1,-1,90,0,1,0,0,0,1,0,0,1,1,0,0,0,0,1,0,1,0
37,4,2,0,10,-1,1,890,0,1,0,0,0,1,0,0,1,1,0,0,0,0,1,0,1,0
37,4,3,1,0,0,0,0,1,1,0,0,0,1,0,0,1,1,0,0,0,0,1,0,1,0
37,1,1,0,5,1,1,530,0,2,0,0,0,1,0,0,1,0,1,0,0,0,0,1,0,1
37,1,2,1,10,-1,-1,530,0,2,0,0,0,1,0,0,1,0,1,0,0,0,0,1,0,1
37,1,3,0,0,0,0,0,1,2,0,0,0,1,0,0,1,0,1,0,0,0,0,1,0,1
37,2,1,0,10,-1,-1,270,0,2,0,0,0,1,0,0,1,0,1,0,0,0,0,1,0,1
37,2,2,0,5,1,1,530,0,2,0,0,0,1,0,0,1,0,1,0,0,0,0,1,0,1
37,2,3,1,0,0,0,0,1,2,0,0,0,1,0,0,1,0,1,0,0,0,0,1,0,1
37,3,1,0,10,-1,1,270,0,2,0,0,0,1,0,0,1,0,1,0,0,0,0,1,0,1
37,3,2,0,5,-1,1,530,0,2,0,0,0,1,0,0,1,0,1,0,0,0,0,1,0,1
37,3,3,1,0,0,0,0,1,2,0,0,0,1,0,0,1,0,1,0,0,0,0,1,0,1
37,4,1,1,5,-1,-1,530,0,2,0,0,0,1,0,0,1,0,1,0,0,0,0,1,0,1
37,4,2,0,10,1,-1,270,0,2,0,0,0,1,0,0,1,0,1,0,0,0,0,1,0,1
37,4,3,0,0,0,0,0,1,2,0,0,0,1,0,0,1,0,1,0,0,0,0,1,0,1
38,1,1,0,5,1,1,530,0,1,0,0,0,1,0,0,0,1,0,1,0,0,1,0,1,0
38,1,2,0,10,1,-1,90,0,1,0,0,0,1,0,0,0,1,0,1,0,0,1,0,1,0
38,1,3,1,0,0,0,0,1,1,0,0,0,1,0,0,0,1,0,1,0,0,1,0,1,0
38,2,1,0,10,1,1,270,0,1,0,0,0,1,0,0,0,1,0,1,0,0,1,0,1,0
38,2,2,1,5,-1,-1,890,0,1,0,0,0,1,0,0,0,1,0,1,0,0,1,0,1,0
38,2,3,0,0,0,0,0,1,1,0,0,0,1,0,0,0,1,0,1,0,0,1,0,1,0
38,3,1,1,10,-1,-1,890,0,1,0,0,0,1,0,0,0,1,0,1,0,0,1,0,1,0
38,3,2,0,5,1,1,270,0,1,0,0,0,1,0,0,0,1,0,1,0,0,1,0,1,0
38,3,3,0,0,0,0,0,1,1,0,0,0,1,0,0,0,1,0,1,0,0,1,0,1,0
38,4,1,0,5,1,-1,90,0,1,0,0,0,1,0,0,0,1,0,1,0,0,1,0,1,0
38,4,2,0,10,-1,1,890,0,1,0,0,0,1,0,0,0,1,0,1,0,0,1,0,1,0
38,4,3,1,0,0,0,0,1,1,0,0,0,1,0,0,0,1,0,1,0,0,1,0,1,0
38,1,1,1,5,1,1,530,0,2,0,0,0,1,0,0,1,1,0,1,0,0,0,1,0,1
38,1,2,0,10,-1,-1,530,0,2,0,0,0,1,0,0,1,1,0,1,0,0,0,1,0,1
38,1,3,0,0,0,0,0,1,2,0,0,0,1,0,0,1,1,0,1,0,0,0,1,0,1
38,2,1,0,10,-1,-1,270,0,2,0,0,0,1,0,0,1,1,0,1,0,0,0,1,0,1
38,2,2,1,5,1,1,530,0,2,0,0,0,1,0,0,1,1,0,1,0,0,0,1,0,1
38,2,3,0,0,0,0,0,1,2,0,0,0,1,0,0,1,1,0,1,0,0,0,1,0,1
38,3,1,0,10,-1,1,270,0,2,0,0,0,1,0,0,1,1,0,1,0,0,0,1,0,1
38,3,2,0,5,-1,1,530,0,2,0,0,0,1,0,0,1,1,0,1,0,0,0,1,0,1
38,3,3,1,0,0,0,0,1,2,0,0,0,1,0,0,1,1,0,1,0,0,0,1,0,1
38,4,1,0,5,-1,-1,530,0,2,0,0,0,1,0,0,1,1,0,1,0,0,0,1,0,1
38,4,2,1,10,1,-1,270,0,2,0,0,0,1,0,0,1,1,0,1,0,0,0,1,0,1
38,4,3,0,0,0,0,0,1,2,0,0,0,1,0,0,1,1,0,1,0,0,0,1,0,1
39,1,1,1,5,-1,-1,530,0,4,0,0,0,1,0,0,0,1,0,1,1,0,1,0,1,0
39,1,2,0,10,1,1,530,0,4,0,0,0,1,0,0,0,1,0,1,1,0,1,0,1,0
39,1,3,0,0,0,0,0,1,4,0,0,0,1,0,0,0,1,0,1,1,0,1,0,1,0
39,2,1,1,5,1,1,890,0,4,0,0,0,1,0,0,0,1,0,1,1,0,1,0,1,0
39,2,2,0,10,-1,-1,270,0,4,0,0,0,1,0,0,0,1,0,1,1,0,1,0,1,0
39,2,3,0,0,0,0,0,1,4,0,0,0,1,0,0,0,1,0,1,1,0,1,0,1,0
39,3,1,0,10,1,-1,90,0,4,0,0,0,1,0,0,0,1,0,1,1,0,1,0,1,0
39,3,2,1,5,1,1,890,0,4,0,0,0,1,0,0,0,1,0,1,1,0,1,0,1,0
39,3,3,0,0,0,0,0,1,4,0,0,0,1,0,0,0,1,0,1,1,0,1,0,1,0
39,4,1,0,10,1,1,90,0,4,0,0,0,1,0,0,0,1,0,1,1,0,1,0,1,0
39,4,2,1,5,-1,-1,890,0,4,0,0,0,1,0,0,0,1,0,1,1,0,1,0,1,0
39,4,3,0,0,0,0,0,1,4,0,0,0,1,0,0,0,1,0,1,1,0,1,0,1,0
39,1,1,0,5,-1,1,270,0,3,0,0,0,1,0,0,1,1,0,1,0,1,1,0,1,0
39,1,2,0,10,-1,1,90,0,3,0,0,0,1,0,0,1,1,0,1,0,1,1,0,1,0
39,1,3,1,0,0,0,0,1,3,0,0,0,1,0,0,1,1,0,1,0,1,1,0,1,0
39,2,1,1,10,-1,-1,890,0,3,0,0,0,1,0,0,1,1,0,1,0,1,1,0,1,0
39,2,2,0,5,1,-1,90,0,3,0,0,0,1,0,0,1,1,0,1,0,1,1,0,1,0
39,2,3,0,0,0,0,0,1,3,0,0,0,1,0,0,1,1,0,1,0,1,1,0,1,0
39,3,1,1,10,1,1,890,0,3,0,0,0,1,0,0,1,1,0,1,0,1,1,0,1,0
39,3,2,0,5,1,-1,90,0,3,0,0,0,1,0,0,1,1,0,1,0,1,1,0,1,0
39,3,3,0,0,0,0,0,1,3,0,0,0,1,0,0,1,1,0,1,0,1,1,0,1,0
39,4,1,0,5,-1,-1,90,0,3,0,0,0,1,0,0,1,1,0,1,0,1,1,0,1,0
39,4,2,1,10,-1,1,270,0,3,0,0,0,1,0,0,1,1,0,1,0,1,1,0,1,0
39,4,3,0,0,0,0,0,1,3,0,0,0,1,0,0,1,1,0,1,0,1,1,0,1,0
40,1,1,0,5,1,1,530,0,1,0,1,0,1,0,0,0,1,0,1,0,1,0,1,1,0
40,1,2,0,10,1,-1,90,0,1,0,1,0,1,0,0,0,1,0,1,0,1,0,1,1,0
40,1,3,1,0,0,0,0,1,1,0,1,0,1,0,0,0,1,0,1,0,1,0,1,1,0
40,2,1,0,10,1,1,270,0,1,0,1,0,1,0,0,0,1,0,1,0,1,0,1,1,0
40,2,2,1,5,-1,-1,890,0,1,0,1,0,1,0,0,0,1,0,1,0,1,0,1,1,0
40,2,3,0,0,0,0,0,1,1,0,1,0,1,0,0,0,1,0,1,0,1,0,1,1,0
40,3,1,1,10,-1,-1,890,0,1,0,1,0,1,0,0,0,1,0,1,0,1,0,1,1,0
40,3,2,0,5,1,1,270,0,1,0,1,0,1,0,0,0,1,0,1,0,1,0,1,1,0
40,3,3,0,0,0,0,0,1,1,0,1,0,1,0,0,0,1,0,1,0,1,0,1,1,0
40,4,1,0,5,1,-1,90,0,1,0,1,0,1,0,0,0,1,0,1,0,1,0,1,1,0
40,4,2,0,10,-1,1,890,0,1,0,1,0,1,0,0,0,1,0,1,0,1,0,1,1,0
40,4,3,1,0,0,0,0,1,1,0,1,0,1,0,0,0,1,0,1,0,1,0,1,1,0
41,1,1,1,5,1,1,530,0,1,0,1,0,1,0,0,1,1,0,1,0,0,1,0,1,0
41,1,2,0,10,1,-1,90,0,1,0,1,0,1,0,0,1,1,0,1,0,0,1,0,1,0
41,1,3,0,0,0,0,0,1,1,0,1,0,1,0,0,1,1,0,1,0,0,1,0,1,0
41,2,1,0,10,1,1,270,0,1,0,1,0,1,0,0,1,1,0,1,0,0,1,0,1,0
41,2,2,1,5,-1,-1,890,0,1,0,1,0,1,0,0,1,1,0,1,0,0,1,0,1,0
41,2,3,0,0,0,0,0,1,1,0,1,0,1,0,0,1,1,0,1,0,0,1,0,1,0
41,3,1,0,10,-1,-1,890,0,1,0,1,0,1,0,0,1,1,0,1,0,0,1,0,1,0
41,3,2,0,5,1,1,270,0,1,0,1,0,1,0,0,1,1,0,1,0,0,1,0,1,0
41,3,3,1,0,0,0,0,1,1,0,1,0,1,0,0,1,1,0,1,0,0,1,0,1,0
41,4,1,0,5,1,-1,90,0,1,0,1,0,1,0,0,1,1,0,1,0,0,1,0,1,0
41,4,2,1,10,-1,1,890,0,1,0,1,0,1,0,0,1,1,0,1,0,0,1,0,1,0
41,4,3,0,0,0,0,0,1,1,0,1,0,1,0,0,1,1,0,1,0,0,1,0,1,0
42,1,1,0,5,1,1,530,0,2,0,0,0,1,0,0,1,1,0,1,0,0,0,1,1,0
42,1,2,1,10,-1,-1,530,0,2,0,0,0,1,0,0,1,1,0,1,0,0,0,1,1,0
42,1,3,0,0,0,0,0,1,2,0,0,0,1,0,0,1,1,0,1,0,0,0,1,1,0
42,2,1,0,10,-1,-1,270,0,2,0,0,0,1,0,0,1,1,0,1,0,0,0,1,1,0
42,2,2,1,5,1,1,530,0,2,0,0,0,1,0,0,1,1,0,1,0,0,0,1,1,0
42,2,3,0,0,0,0,0,1,2,0,0,0,1,0,0,1,1,0,1,0,0,0,1,1,0
42,3,1,0,10,-1,1,270,0,2,0,0,0,1,0,0,1,1,0,1,0,0,0,1,1,0
42,3,2,0,5,-1,1,530,0,2,0,0,0,1,0,0,1,1,0,1,0,0,0,1,1,0
42,3,3,1,0,0,0,0,1,2,0,0,0,1,0,0,1,1,0,1,0,0,0,1,1,0
42,4,1,1,5,-1,-1,530,0,2,0,0,0,1,0,0,1,1,0,1,0,0,0,1,1,0
42,4,2,0,10,1,-1,270,0,2,0,0,0,1,0,0,1,1,0,1,0,0,0,1,1,0
42,4,3,0,0,0,0,0,1,2,0,0,0,1,0,0,1,1,0,1,0,0,0,1,1,0
43,1,1,1,5,-1,1,270,0,3,0,0,0,1,0,0,1,0,1,0,0,0,0,1,0,1
43,1,2,0,10,-1,1,90,0,3,0,0,0,1,0,0,1,0,1,0,0,0,0,1,0,1
43,1,3,0,0,0,0,0,1,3,0,0,0,1,0,0,1,0,1,0,0,0,0,1,0,1
43,2,1,0,10,-1,-1,890,0,3,0,0,0,1,0,0,1,0,1,0,0,0,0,1,0,1
43,2,2,0,5,1,-1,90,0,3,0,0,0,1,0,0,1,0,1,0,0,0,0,1,0,1
43,2,3,1,0,0,0,0,1,3,0,0,0,1,0,0,1,0,1,0,0,0,0,1,0,1
43,3,1,1,10,1,1,890,0,3,0,0,0,1,0,0,1,0,1,0,0,0,0,1,0,1
43,3,2,0,5,1,-1,90,0,3,0,0,0,1,0,0,1,0,1,0,0,0,0,1,0,1
43,3,3,0,0,0,0,0,1,3,0,0,0,1,0,0,1,0,1,0,0,0,0,1,0,1
43,4,1,0,5,-1,-1,90,0,3,0,0,0,1,0,0,1,0,1,0,0,0,0,1,0,1
43,4,2,1,10,-1,1,270,0,3,0,0,0,1,0,0,1,0,1,0,0,0,0,1,0,1
43,4,3,0,0,0,0,0,1,3,0,0,0,1,0,0,1,0,1,0,0,0,0,1,0,1
44,1,1,0,5,1,1,530,0,2,0,0,0,1,0,0,1,0,1,1,0,0,0,1,1,0
44,1,2,1,10,-1,-1,530,0,2,0,0,0,1,0,0,1,0,1,1,0,0,0,1,1,0
44,1,3,0,0,0,0,0,1,2,0,0,0,1,0,0,1,0,1,1,0,0,0,1,1,0
44,2,1,0,10,-1,-1,270,0,2,0,0,0,1,0,0,1,0,1,1,0,0,0,1,1,0
44,2,2,0,5,1,1,530,0,2,0,0,0,1,0,0,1,0,1,1,0,0,0,1,1,0
44,2,3,1,0,0,0,0,1,2,0,0,0,1,0,0,1,0,1,1,0,0,0,1,1,0
44,3,1,0,10,-1,1,270,0,2,0,0,0,1,0,0,1,0,1,1,0,0,0,1,1,0
44,3,2,0,5,-1,1,530,0,2,0,0,0,1,0,0,1,0,1,1,0,0,0,1,1,0
44,3,3,1,0,0,0,0,1,2,0,0,0,1,0,0,1,0,1,1,0,0,0,1,1,0
44,4,1,1,5,-1,-1,530,0,2,0,0,0,1,0,0,1,0,1,1,0,0,0,1,1,0
44,4,2,0,10,1,-1,270,0,2,0,0,0,1,0,0,1,0,1,1,0,0,0,1,1,0
44,4,3,0,0,0,0,0,1,2,0,0,0,1,0,0,1,0,1,1,0,0,0,1,1,0
44,1,1,1,5,-1,-1,530,0,4,0,0,0,1,0,0,1,0,1,1,0,0,0,1,1,0
44,1,2,0,10,1,1,530,0,4,0,0,0,1,0,0,1,0,1,1,0,0,0,1,1,0
44,1,3,0,0,0,0,0,1,4,0,0,0,1,0,0,1,0,1,1,0,0,0,1,1,0
44,2,1,0,5,1,1,890,0,4,0,0,0,1,0,0,1,0,1,1,0,0,0,1,1,0
44,2,2,0,10,-1,-1,270,0,4,0,0,0,1,0,0,1,0,1,1,0,0,0,1,1,0
44,2,3,1,0,0,0,0,1,4,0,0,0,1,0,0,1,0,1,1,0,0,0,1,1,0
44,3,1,0,10,1,-1,90,0,4,0,0,0,1,0,0,1,0,1,1,0,0,0,1,1,0
44,3,2,0,5,1,1,890,0,4,0,0,0,1,0,0,1,0,1,1,0,0,0,1,1,0
44,3,3,1,0,0,0,0,1,4,0,0,0,1,0,0,1,0,1,1,0,0,0,1,1,0
44,4,1,0,10,1,1,90,0,4,0,0,0,1,0,0,1,0,1,1,0,0,0,1,1,0
44,4,2,1,5,-1,-1,890,0,4,0,0,0,1,0,0,1,0,1,1,0,0,0,1,1,0
44,4,3,0,0,0,0,0,1,4,0,0,0,1,0,0,1,0,1,1,0,0,0,1,1,0
45,1,1,0,5,1,1,530,0,1,0,0,1,1,0,0,1,1,0,0,0,0,0,0,0,1
45,1,2,0,10,1,-1,90,0,1,0,0,1,1,0,0,1,1,0,0,0,0,0,0,0,1
45,1,3,1,0,0,0,0,1,1,0,0,1,1,0,0,1,1,0,0,0,0,0,0,0,1
45,2,1,0,10,1,1,270,0,1,0,0,1,1,0,0,1,1,0,0,0,0,0,0,0,1
45,2,2,1,5,-1,-1,890,0,1,0,0,1,1,0,0,1,1,0,0,0,0,0,0,0,1
45,2,3,0,0,0,0,0,1,1,0,0,1,1,0,0,1,1,0,0,0,0,0,0,0,1
45,3,1,1,10,-1,-1,890,0,1,0,0,1,1,0,0,1,1,0,0,0,0,0,0,0,1
45,3,2,0,5,1,1,270,0,1,0,0,1,1,0,0,1,1,0,0,0,0,0,0,0,1
45,3,3,0,0,0,0,0,1,1,0,0,1,1,0,0,1,1,0,0,0,0,0,0,0,1
45,4,1,1,5,1,-1,90,0,1,0,0,1,1,0,0,1,1,0,0,0,0,0,0,0,1
45,4,2,0,10,-1,1,890,0,1,0,0,1,1,0,0,1,1,0,0,0,0,0,0,0,1
45,4,3,0,0,0,0,0,1,1,0,0,1,1,0,0,1,1,0,0,0,0,0,0,0,1
46,1,1,1,5,-1,-1,530,0,4,0,1,0,1,0,0,1,0,1,0,1,0,0,1,0,1
46,1,2,0,10,1,1,530,0,4,0,1,0,1,0,0,1,0,1,0,1,0,0,1,0,1
46,1,3,0,0,0,0,0,1,4,0,1,0,1,0,0,1,0,1,0,1,0,0,1,0,1
46,2,1,0,5,1,1,890,0,4,0,1,0,1,0,0,1,0,1,0,1,0,0,1,0,1
46,2,2,1,10,-1,-1,270,0,4,0,1,0,1,0,0,1,0,1,0,1,0,0,1,0,1
46,2,3,0,0,0,0,0,1,4,0,1,0,1,0,0,1,0,1,0,1,0,0,1,0,1
46,3,1,0,10,1,-1,90,0,4,0,1,0,1,0,0,1,0,1,0,1,0,0,1,0,1
46,3,2,1,5,1,1,890,0,4,0,1,0,1,0,0,1,0,1,0,1,0,0,1,0,1
46,3,3,0,0,0,0,0,1,4,0,1,0,1,0,0,1,0,1,0,1,0,0,1,0,1
46,4,1,0,10,1,1,90,0,4,0,1,0,1,0,0,1,0,1,0,1,0,0,1,0,1
46,4,2,1,5,-1,-1,890,0,4,0,1,0,1,0,0,1,0,1,0,1,0,0,1,0,1
46,4,3,0,0,0,0,0,1,4,0,1,0,1,0,0,1,0,1,0,1,0,0,1,0,1
47,1,1,0,5,-1,-1,530,0,4,1,0,0,0,0,1,1,0,1,1,0,0,1,0,0,1
47,1,2,1,10,1,1,530,0,4,1,0,0,0,0,1,1,0,1,1,0,0,1,0,0,1
47,1,3,0,0,0,0,0,1,4,1,0,0,0,0,1,1,0,1,1,0,0,1,0,0,1
47,2,1,1,5,1,1,890,0,4,1,0,0,0,0,1,1,0,1,1,0,0,1,0,0,1
47,2,2,0,10,-1,-1,270,0,4,1,0,0,0,0,1,1,0,1,1,0,0,1,0,0,1
47,2,3,0,0,0,0,0,1,4,1,0,0,0,0,1,1,0,1,1,0,0,1,0,0,1
47,3,1,0,10,1,-1,90,0,4,1,0,0,0,0,1,1,0,1,1,0,0,1,0,0,1
47,3,2,1,5,1,1,890,0,4,1,0,0,0,0,1,1,0,1,1,0,0,1,0,0,1
47,3,3,0,0,0,0,0,1,4,1,0,0,0,0,1,1,0,1,1,0,0,1,0,0,1
47,4,1,0,10,1,1,90,0,4,1,0,0,0,0,1,1,0,1,1,0,0,1,0,0,1
47,4,2,1,5,-1,-1,890,0,4,1,0,0,0,0,1,1,0,1,1,0,0,1,0,0,1
47,4,3,0,0,0,0,0,1,4,1,0,0,0,0,1,1,0,1,1,0,0,1,0,0,1
47,1,1,0,5,1,1,530,0,1,0,0,0,1,0,0,1,0,1,1,0,0,0,1,0,0
47,1,2,0,10,1,-1,90,0,1,0,0,0,1,0,0,1,0,1,1,0,0,0,1,0,0
47,1,3,1,0,0,0,0,1,1,0,0,0,1,0,0,1,0,1,1,0,0,0,1,0,0
47,2,1,0,10,1,1,270,0,1,0,0,0,1,0,0,1,0,1,1,0,0,0,1,0,0
47,2,2,0,5,-1,-1,890,0,1,0,0,0,1,0,0,1,0,1,1,0,0,0,1,0,0
47,2,3,1,0,0,0,0,1,1,0,0,0,1,0,0,1,0,1,1,0,0,0,1,0,0
47,3,1,1,10,-1,-1,890,0,1,0,0,0,1,0,0,1,0,1,1,0,0,0,1,0,0
47,3,2,0,5,1,1,270,0,1,0,0,0,1,0,0,1,0,1,1,0,0,0,1,0,0
47,3,3,0,0,0,0,0,1,1,0,0,0,1,0,0,1,0,1,1,0,0,0,1,0,0
47,4,1,0,5,1,-1,90,0,1,0,0,0,1,0,0,1,0,1,1,0,0,0,1,0,0
47,4,2,0,10,-1,1,890,0,1,0,0,0,1,0,0,1,0,1,1,0,0,0,1,0,0
47,4,3,1,0,0,0,0,1,1,0,0,0,1,0,0,1,0,1,1,0,0,0,1,0,0
48,1,1,0,5,-1,1,270,0,3,0,0,0,0,0,1,1,0,0,0,0,0,0,0,1,0
48,1,2,0,10,-1,1,90,0,3,0,0,0,0,0,1,1,0,0,0,0,0,0,0,1,0
48,1,3,1,0,0,0,0,1,3,0,0,0,0,0,1,1,0,0,0,0,0,0,0,1,0
48,2,1,1,10,-1,-1,890,0,3,0,0,0,0,0,1,1,0,0,0,0,0,0,0,1,0
48,2,2,0,5,1,-1,90,0,3,0,0,0,0,0,1,1,0,0,0,0,0,0,0,1,0
48,2,3,0,0,0,0,0,1,3,0,0,0,0,0,1,1,0,0,0,0,0,0,0,1,0
48,3,1,1,10,1,1,890,0,3,0,0,0,0,0,1,1,0,0,0,0,0,0,0,1,0
48,3,2,0,5,1,-1,90,0,3,0,0,0,0,0,1,1,0,0,0,0,0,0,0,1,0
48,3,3,0,0,0,0,0,1,3,0,0,0,0,0,1,1,0,0,0,0,0,0,0,1,0
48,4,1,0,5,-1,-1,90,0,3,0,0,0,0,0,1,1,0,0,0,0,0,0,0,1,0
48,4,2,1,10,-1,1,270,0,3,0,0,0,0,0,1,1,0,0,0,0,0,0,0,1,0
48,4,3,0,0,0,0,0,1,3,0,0,0,0,0,1,1,0,0,0,0,0,0,0,1,0
49,1,1,1,5,1,1,530,0,1,0,0,0,0,0,1,0,1,0,1,0,0,0,1,1,0
49,1,2,0,10,1,-1,90,0,1,0,0,0,0,0,1,0,1,0,1,0,0,0,1,1,0
49,1,3,0,0,0,0,0,1,1,0,0,0,0,0,1,0,1,0,1,0,0,0,1,1,0
49,2,1,0,10,1,1,270,0,1,0,0,0,0,0,1,0,1,0,1,0,0,0,1,1,0
49,2,2,1,5,-1,-1,890,0,1,0,0,0,0,0,1,0,1,0,1,0,0,0,1,1,0
49,2,3,0,0,0,0,0,1,1,0,0,0,0,0,1,0,1,0,1,0,0,0,1,1,0
49,3,1,1,10,-1,-1,890,0,1,0,0,0,0,0,1,0,1,0,1,0,0,0,1,1,0
49,3,2,0,5,1,1,270,0,1,0,0,0,0,0,1,0,1,0,1,0,0,0,1,1,0
49,3,3,0,0,0,0,0,1,1,0,0,0,0,0,1,0,1,0,1,0,0,0,1,1,0
49,4,1,0,5,1,-1,90,0,1,0,0,0,0,0,1,0,1,0,1,0,0,0,1,1,0
49,4,2,1,10,-1,1,890,0,1,0,0,0,0,0,1,0,1,0,1,0,0,0,1,1,0
49,4,3,0,0,0,0,0,1,1,0,0,0,0,0,1,0,1,0,1,0,0,0,1,1,0
50,1,1,1,5,-1,-1,530,0,4,0,0,0,1,0,0,1,1,0,1,0,0,0,1,0,1
50,1,2,0,10,1,1,530,0,4,0,0,0,1,0,0,1,1,0,1,0,0,0,1,0,1
50,1,3,0,0,0,0,0,1,4,0,0,0,1,0,0,1,1,0,1,0,0,0,1,0,1
50,2,1,1,5,1,1,890,0,4,0,0,0,1,0,0,1,1,0,1,0,0,0,1,0,1
50,2,2,0,10,-1,-1,270,0,4,0,0,0,1,0,0,1,1,0,1,0,0,0,1,0,1
50,2,3,0,0,0,0,0,1,4,0,0,0,1,0,0,1,1,0,1,0,0,0,1,0,1
50,3,1,0,10,1,-1,90,0,4,0,0,0,1,0,0,1,1,0,1,0,0,0,1,0,1
50,3,2,1,5,1,1,890,0,4,0,0,0,1,0,0,1,1,0,1,0,0,0,1,0,1
50,3,3,0,0,0,0,0,1,4,0,0,0,1,0,0,1,1,0,1,0,0,0,1,0,1
50,4,1,0,10,1,1,90,0,4,0,0,0,1,0,0,1,1,0,1,0,0,0,1,0,1
50,4,2,1,5,-1,-1,890,0,4,0,0,0,1,0,0,1,1,0,1,0,0,0,1,0,1
50,4,3,0,0,0,0,0,1,4,0,0,0,1,0,0,1,1,0,1,0,0,0,1,0,1
50,1,1,1,5,1,1,530,0,2,0,0,0,0,0,1,1,1,0,0,0,0,1,0,1,0
50,1,2,0,10,-1,-1,530,0,2,0,0,0,0,0,1,1,1,0,0,0,0,1,0,1,0
50,1,3,0,0,0,0,0,1,2,0,0,0,0,0,1,1,1,0,0,0,0,1,0,1,0
50,2,1,0,10,-1,-1,270,0,2,0,0,0,0,0,1,1,1,0,0,0,0,1,0,1,0
50,2,2,1,5,1,1,530,0,2,0,0,0,0,0,1,1,1,0,0,0,0,1,0,1,0
50,2,3,0,0,0,0,0,1,2,0,0,0,0,0,1,1,1,0,0,0,0,1,0,1,0
50,3,1,0,10,-1,1,270,0,2,0,0,0,0,0,1,1,1,0,0,0,0,1,0,1,0
50,3,2,1,5,-1,1,530,0,2,0,0,0,0,0,1,1,1,0,0,0,0,1,0,1,0
50,3,3,0,0,0,0,0,1,2,0,0,0,0,0,1,1,1,0,0,0,0,1,0,1,0
50,4,1,0,5,-1,-1,530,0,2,0,0,0,0,0,1,1,1,0,0,0,0,1,0,1,0
50,4,2,0,10,1,-1,270,0,2,0,0,0,0,0,1,1,1,0,0,0,0,1,0,1,0
50,4,3,1,0,0,0,0,1,2,0,0,0,0,0,1,1,1,0,0,0,0,1,0,1,0
51,1,1,0,5,-1,-1,530,0,4,0,0,0,1,0,0,0,0,1,1,0,0,1,0,0,1
51,1,2,1,10,1,1,530,0,4,0,0,0,1,0,0,0,0,1,1,0,0,1,0,0,1
51,1,3,0,0,0,0,0,1,4,0,0,0,1,0,0,0,0,1,1,0,0,1,0,0,1
51,2,1,1,5,1,1,890,0,4,0,0,0,1,0,0,0,0,1,1,0,0,1,0,0,1
51,2,2,0,10,-1,-1,270,0,4,0,0,0,1,0,0,0,0,1,1,0,0,1,0,0,1
51,2,3,0,0,0,0,0,1,4,0,0,0,1,0,0,0,0,1,1,0,0,1,0,0,1
51,3,1,0,10,1,-1,90,0,4,0,0,0,1,0,0,0,0,1,1,0,0,1,0,0,1
51,3,2,1,5,1,1,890,0,4,0,0,0,1,0,0,0,0,1,1,0,0,1,0,0,1
51,3,3,0,0,0,0,0,1,4,0,0,0,1,0,0,0,0,1,1,0,0,1,0,0,1
51,4,1,0,10,1,1,90,0,4,0,0,0,1,0,0,0,0,1,1,0,0,1,0,0,1
51,4,2,1,5,-1,-1,890,0,4,0,0,0,1,0,0,0,0,1,1,0,0,1,0,0,1
51,4,3,0,0,0,0,0,1,4,0,0,0,1,0,0,0,0,1,1,0,0,1,0,0,1
51,1,1,1,5,1,1,530,0,1,0,0,0,1,0,0,1,0,1,0,0,0,0,1,0,1
51,1,2,0,10,1,-1,90,0,1,0,0,0,1,0,0,1,0,1,0,0,0,0,1,0,1
51,1,3,0,0,0,0,0,1,1,0,0,0,1,0,0,1,0,1,0,0,0,0,1,0,1
51,2,1,0,10,1,1,270,0,1,0,0,0,1,0,0,1,0,1,0,0,0,0,1,0,1
51,2,2,1,5,-1,-1,890,0,1,0,0,0,1,0,0,1,0,1,0,0,0,0,1,0,1
51,2,3,0,0,0,0,0,1,1,0,0,0,1,0,0,1,0,1,0,0,0,0,1,0,1
51,3,1,1,10,-1,-1,890,0,1,0,0,0,1,0,0,1,0,1,0,0,0,0,1,0,1
51,3,2,0,5,1,1,270,0,1,0,0,0,1,0,0,1,0,1,0,0,0,0,1,0,1
51,3,3,0,0,0,0,0,1,1,0,0,0,1,0,0,1,0,1,0,0,0,0,1,0,1
51,4,1,0,5,1,-1,90,0,1,0,0,0,1,0,0,1,0,1,0,0,0,0,1,0,1
51,4,2,1,10,-1,1,890,0,1,0,0,0,1,0,0,1,0,1,0,0,0,0,1,0,1
51,4,3,0,0,0,0,0,1,1,0,0,0,1,0,0,1,0,1,0,0,0,0,1,0,1
52,1,1,0,5,1,1,530,0,1,0,0,0,1,0,0,1,0,1,0,0,0,0,1,0,0
52,1,2,0,10,1,-1,90,0,1,0,0,0,1,0,0,1,0,1,0,0,0,0,1,0,0
52,1,3,1,0,0,0,0,1,1,0,0,0,1,0,0,1,0,1,0,0,0,0,1,0,0
52,2,1,0,10,1,1,270,0,1,0,0,0,1,0,0,1,0,1,0,0,0,0,1,0,0
52,2,2,1,5,-1,-1,890,0,1,0,0,0,1,0,0,1,0,1,0,0,0,0,1,0,0
52,2,3,0,0,0,0,0,1,1,0,0,0,1,0,0,1,0,1,0,0,0,0,1,0,0
52,3,1,1,10,-1,-1,890,0,1,0,0,0,1,0,0,1,0,1,0,0,0,0,1,0,0
52,3,2,0,5,1,1,270,0,1,0,0,0,1,0,0,1,0,1,0,0,0,0,1,0,0
52,3,3,0,0,0,0,0,1,1,0,0,0,1,0,0,1,0,1,0,0,0,0,1,0,0
52,4,1,0,5,1,-1,90,0,1,0,0,0,1,0,0,1,0,1,0,0,0,0,1,0,0
52,4,2,0,10,-1,1,890,0,1,0,0,0,1,0,0,1,0,1,0,0,0,0,1,0,0
52,4,3,1,0,0,0,0,1,1,0,0,0,1,0,0,1,0,1,0,0,0,0,1,0,0
52,1,1,1,5,1,1,530,0,1,0,0,0,0,0,1,1,0,1,0,0,0,1,0,0,1
52,1,2,0,10,1,-1,90,0,1,0,0,0,0,0,1,1,0,1,0,0,0,1,0,0,1
52,1,3,0,0,0,0,0,1,1,0,0,0,0,0,1,1,0,1,0,0,0,1,0,0,1
52,2,1,0,10,1,1,270,0,1,0,0,0,0,0,1,1,0,1,0,0,0,1,0,0,1
52,2,2,1,5,-1,-1,890,0,1,0,0,0,0,0,1,1,0,1,0,0,0,1,0,0,1
52,2,3,0,0,0,0,0,1,1,0,0,0,0,0,1,1,0,1,0,0,0,1,0,0,1
52,3,1,1,10,-1,-1,890,0,1,0,0,0,0,0,1,1,0,1,0,0,0,1,0,0,1
52,3,2,0,5,1,1,270,0,1,0,0,0,0,0,1,1,0,1,0,0,0,1,0,0,1
52,3,3,0,0,0,0,0,1,1,0,0,0,0,0,1,1,0,1,0,0,0,1,0,0,1
52,4,1,0,5,1,-1,90,0,1,0,0,0,0,0,1,1,0,1,0,0,0,1,0,0,1
52,4,2,1,10,-1,1,890,0,1,0,0,0,0,0,1,1,0,1,0,0,0,1,0,0,1
52,4,3,0,0,0,0,0,1,1,0,0,0,0,0,1,1,0,1,0,0,0,1,0,0,1
53,1,1,0,5,1,1,530,0,2,0,1,0,1,0,0,1,0,1,0,0,0,0,1,0,1
53,1,2,1,10,-1,-1,530,0,2,0,1,0,1,0,0,1,0,1,0,0,0,0,1,0,1
53,1,3,0,0,0,0,0,1,2,0,1,0,1,0,0,1,0,1,0,0,0,0,1,0,1
53,2,1,0,10,-1,-1,270,0,2,0,1,0,1,0,0,1,0,1,0,0,0,0,1,0,1
53,2,2,0,5,1,1,530,0,2,0,1,0,1,0,0,1,0,1,0,0,0,0,1,0,1
53,2,3,1,0,0,0,0,1,2,0,1,0,1,0,0,1,0,1,0,0,0,0,1,0,1
53,3,1,0,10,-1,1,270,0,2,0,1,0,1,0,0,1,0,1,0,0,0,0,1,0,1
53,3,2,0,5,-1,1,530,0,2,0,1,0,1,0,0,1,0,1,0,0,0,0,1,0,1
53,3,3,1,0,0,0,0,1,2,0,1,0,1,0,0,1,0,1,0,0,0,0,1,0,1
53,4,1,1,5,-1,-1,530,0,2,0,1,0,1,0,0,1,0,1,0,0,0,0,1,0,1
53,4,2,0,10,1,-1,270,0,2,0,1,0,1,0,0,1,0,1,0,0,0,0,1,0,1
53,4,3,0,0,0,0,0,1,2,0,1,0,1,0,0,1,0,1,0,0,0,0,1,0,1
53,1,1,1,5,-1,1,270,0,3,0,0,0,1,0,0,1,1,0,0,0,1,1,0,0,1
53,1,2,0,10,-1,1,90,0,3,0,0,0,1,0,0,1,1,0,0,0,1,1,0,0,1
53,1,3,0,0,0,0,0,1,3,0,0,0,1,0,0,1,1,0,0,0,1,1,0,0,1
53,2,1,1,10,-1,-1,890,0,3,0,0,0,1,0,0,1,1,0,0,0,1,1,0,0,1
53,2,2,0,5,1,-1,90,0,3,0,0,0,1,0,0,1,1,0,0,0,1,1,0,0,1
53,2,3,0,0,0,0,0,1,3,0,0,0,1,0,0,1,1,0,0,0,1,1,0,0,1
53,3,1,1,10,1,1,890,0,3,0,0,0,1,0,0,1,1,0,0,0,1,1,0,0,1
53,3,2,0,5,1,-1,90,0,3,0,0,0,1,0,0,1,1,0,0,0,1,1,0,0,1
53,3,3,0,0,0,0,0,1,3,0,0,0,1,0,0,1,1,0,0,0,1,1,0,0,1
53,4,1,0,5,-1,-1,90,0,3,0,0,0,1,0,0,1,1,0,0,0,1,1,0,0,1
53,4,2,0,10,-1,1,270,0,3,0,0,0,1,0,0,1,1,0,0,0,1,1,0,0,1
53,4,3,1,0,0,0,0,1,3,0,0,0,1,0,0,1,1,0,0,0,1,1,0,0,1
54,1,1,1,5,-1,-1,530,0,4,0,1,0,1,0,0,1,0,1,0,0,0,1,0,1,0
54,1,2,0,10,1,1,530,0,4,0,1,0,1,0,0,1,0,1,0,0,0,1,0,1,0
54,1,3,0,0,0,0,0,1,4,0,1,0,1,0,0,1,0,1,0,0,0,1,0,1,0
54,2,1,1,5,1,1,890,0,4,0,1,0,1,0,0,1,0,1,0,0,0,1,0,1,0
54,2,2,0,10,-1,-1,270,0,4,0,1,0,1,0,0,1,0,1,0,0,0,1,0,1,0
54,2,3,0,0,0,0,0,1,4,0,1,0,1,0,0,1,0,1,0,0,0,1,0,1,0
54,3,1,0,10,1,-1,90,0,4,0,1,0,1,0,0,1,0,1,0,0,0,1,0,1,0
54,3,2,1,5,1,1,890,0,4,0,1,0,1,0,0,1,0,1,0,0,0,1,0,1,0
54,3,3,0,0,0,0,0,1,4,0,1,0,1,0,0,1,0,1,0,0,0,1,0,1,0
54,4,1,0,10,1,1,90,0,4,0,1,0,1,0,0,1,0,1,0,0,0,1,0,1,0
54,4,2,1,5,-1,-1,890,0,4,0,1,0,1,0,0,1,0,1,0,0,0,1,0,1,0
54,4,3,0,0,0,0,0,1,4,0,1,0,1,0,0,1,0,1,0,0,0,1,0,1,0
55,1,1,1,5,1,1,530,0,1,0,1,0,1,0,0,1,1,0,0,0,0,1,0,0,1
55,1,2,0,10,1,-1,90,0,1,0,1,0,1,0,0,1,1,0,0,0,0,1,0,0,1
55,1,3,0,0,0,0,0,1,1,0,1,0,1,0,0,1,1,0,0,0,0,1,0,0,1
55,2,1,0,10,1,1,270,0,1,0,1,0,1,0,0,1,1,0,0,0,0,1,0,0,1
55,2,2,1,5,-1,-1,890,0,1,0,1,0,1,0,0,1,1,0,0,0,0,1,0,0,1
55,2,3,0,0,0,0,0,1,1,0,1,0,1,0,0,1,1,0,0,0,0,1,0,0,1
55,3,1,0,10,-1,-1,890,0,1,0,1,0,1,0,0,1,1,0,0,0,0,1,0,0,1
55,3,2,0,5,1,1,270,0,1,0,1,0,1,0,0,1,1,0,0,0,0,1,0,0,1
55,3,3,1,0,0,0,0,1,1,0,1,0,1,0,0,1,1,0,0,0,0,1,0,0,1
55,4,1,0,5,1,-1,90,0,1,0,1,0,1,0,0,1,1,0,0,0,0,1,0,0,1
55,4,2,1,10,-1,1,890,0,1,0,1,0,1,0,0,1,1,0,0,0,0,1,0,0,1
55,4,3,0,0,0,0,0,1,1,0,1,0,1,0,0,1,1,0,0,0,0,1,0,0,1
55,1,1,1,5,1,1,530,0,2,-999,-999,-999,0,0,1,1,1,0,0,0,1,1,0,0,1
55,1,2,0,10,-1,-1,530,0,2,-999,-999,-999,0,0,1,1,1,0,0,0,1,1,0,0,1
55,1,3,0,0,0,0,0,1,2,-999,-999,-999,0,0,1,1,1,0,0,0,1,1,0,0,1
55,2,1,0,10,-1,-1,270,0,2,-999,-999,-999,0,0,1,1,1,0,0,0,1,1,0,0,1
55,2,2,1,5,1,1,530,0,2,-999,-999,-999,0,0,1,1,1,0,0,0,1,1,0,0,1
55,2,3,0,0,0,0,0,1,2,-999,-999,-999,0,0,1,1,1,0,0,0,1,1,0,0,1
55,3,1,0,10,-1,1,270,0,2,-999,-999,-999,0,0,1,1,1,0,0,0,1,1,0,0,1
55,3,2,1,5,-1,1,530,0,2,-999,-999,-999,0,0,1,1,1,0,0,0,1,1,0,0,1
55,3,3,0,0,0,0,0,1,2,-999,-999,-999,0,0,1,1,1,0,0,0,1,1,0,0,1
55,4,1,1,5,-1,-1,530,0,2,-999,-999,-999,0,0,1,1,1,0,0,0,1,1,0,0,1
55,4,2,0,10,1,-1,270,0,2,-999,-999,-999,0,0,1,1,1,0,0,0,1,1,0,0,1
55,4,3,0,0,0,0,0,1,2,-999,-999,-999,0,0,1,1,1,0,0,0,1,1,0,0,1
56,1,1,0,5,-1,1,270,0,3,0,1,0,1,0,0,1,0,1,0,0,0,0,1,0,1
56,1,2,0,10,-1,1,90,0,3,0,1,0,1,0,0,1,0,1,0,0,0,0,1,0,1
56,1,3,1,0,0,0,0,1,3,0,1,0,1,0,0,1,0,1,0,0,0,0,1,0,1
56,2,1,0,10,-1,-1,890,0,3,0,1,0,1,0,0,1,0,1,0,0,0,0,1,0,1
56,2,2,0,5,1,-1,90,0,3,0,1,0,1,0,0,1,0,1,0,0,0,0,1,0,1
56,2,3,1,0,0,0,0,1,3,0,1,0,1,0,0,1,0,1,0,0,0,0,1,0,1
56,3,1,0,10,1,1,890,0,3,0,1,0,1,0,0,1,0,1,0,0,0,0,1,0,1
56,3,2,0,5,1,-1,90,0,3,0,1,0,1,0,0,1,0,1,0,0,0,0,1,0,1
56,3,3,1,0,0,0,0,1,3,0,1,0,1,0,0,1,0,1,0,0,0,0,1,0,1
56,4,1,0,5,-1,-1,90,0,3,0,1,0,1,0,0,1,0,1,0,0,0,0,1,0,1
56,4,2,0,10,-1,1,270,0,3,0,1,0,1,0,0,1,0,1,0,0,0,0,1,0,1
56,4,3,1,0,0,0,0,1,3,0,1,0,1,0,0,1,0,1,0,0,0,0,1,0,1
57,1,1,1,5,-1,-1,530,0,4,0,0,0,0,1,0,1,0,1,1,0,0,1,0,0,1
57,1,2,0,10,1,1,530,0,4,0,0,0,0,1,0,1,0,1,1,0,0,1,0,0,1
57,1,3,0,0,0,0,0,1,4,0,0,0,0,1,0,1,0,1,1,0,0,1,0,0,1
57,2,1,0,5,1,1,890,0,4,0,0,0,0,1,0,1,0,1,1,0,0,1,0,0,1
57,2,2,0,10,-1,-1,270,0,4,0,0,0,0,1,0,1,0,1,1,0,0,1,0,0,1
57,2,3,1,0,0,0,0,1,4,0,0,0,0,1,0,1,0,1,1,0,0,1,0,0,1
57,3,1,0,10,1,-1,90,0,4,0,0,0,0,1,0,1,0,1,1,0,0,1,0,0,1
57,3,2,1,5,1,1,890,0,4,0,0,0,0,1,0,1,0,1,1,0,0,1,0,0,1
57,3,3,0,0,0,0,0,1,4,0,0,0,0,1,0,1,0,1,1,0,0,1,0,0,1
57,4,1,0,10,1,1,90,0,4,0,0,0,0,1,0,1,0,1,1,0,0,1,0,0,1
57,4,2,1,5,-1,-1,890,0,4,0,0,0,0,1,0,1,0,1,1,0,0,1,0,0,1
57,4,3,0,0,0,0,0,1,4,0,0,0,0,1,0,1,0,1,1,0,0,1,0,0,1
58,1,1,0,5,1,1,530,0,1,0,0,0,0,0,1,0,1,0,1,0,0,0,0,1,0
58,1,2,0,10,1,-1,90,0,1,0,0,0,0,0,1,0,1,0,1,0,0,0,0,1,0
58,1,3,1,0,0,0,0,1,1,0,0,0,0,0,1,0,1,0,1,0,0,0,0,1,0
58,2,1,0,10,1,1,270,0,1,0,0,0,0,0,1,0,1,0,1,0,0,0,0,1,0
58,2,2,1,5,-1,-1,890,0,1,0,0,0,0,0,1,0,1,0,1,0,0,0,0,1,0
58,2,3,0,0,0,0,0,1,1,0,0,0,0,0,1,0,1,0,1,0,0,0,0,1,0
58,3,1,1,10,-1,-1,890,0,1,0,0,0,0,0,1,0,1,0,1,0,0,0,0,1,0
58,3,2,0,5,1,1,270,0,1,0,0,0,0,0,1,0,1,0,1,0,0,0,0,1,0
58,3,3,0,0,0,0,0,1,1,0,0,0,0,0,1,0,1,0,1,0,0,0,0,1,0
58,4,1,0,5,1,-1,90,0,1,0,0,0,0,0,1,0,1,0,1,0,0,0,0,1,0
58,4,2,1,10,-1,1,890,0,1,0,0,0,0,0,1,0,1,0,1,0,0,0,0,1,0
58,4,3,0,0,0,0,0,1,1,0,0,0,0,0,1,0,1,0,1,0,0,0,0,1,0
58,1,1,1,5,1,1,530,0,2,0,0,0,0,0,1,0,1,0,1,0,0,0,1,1,0
58,1,2,0,10,-1,-1,530,0,2,0,0,0,0,0,1,0,1,0,1,0,0,0,1,1,0
58,1,3,0,0,0,0,0,1,2,0,0,0,0,0,1,0,1,0,1,0,0,0,1,1,0
58,2,1,0,10,-1,-1,270,0,2,0,0,0,0,0,1,0,1,0,1,0,0,0,1,1,0
58,2,2,1,5,1,1,530,0,2,0,0,0,0,0,1,0,1,0,1,0,0,0,1,1,0
58,2,3,0,0,0,0,0,1,2,0,0,0,0,0,1,0,1,0,1,0,0,0,1,1,0
58,3,1,0,10,-1,1,270,0,2,0,0,0,0,0,1,0,1,0,1,0,0,0,1,1,0
58,3,2,1,5,-1,1,530,0,2,0,0,0,0,0,1,0,1,0,1,0,0,0,1,1,0
58,3,3,0,0,0,0,0,1,2,0,0,0,0,0,1,0,1,0,1,0,0,0,1,1,0
58,4,1,0,5,-1,-1,530,0,2,0,0,0,0,0,1,0,1,0,1,0,0,0,1,1,0
58,4,2,0,10,1,-1,270,0,2,0,0,0,0,0,1,0,1,0,1,0,0,0,1,1,0
58,4,3,1,0,0,0,0,1,2,0,0,0,0,0,1,0,1,0,1,0,0,0,1,1,0
59,1,1,0,5,-1,1,270,0,3,0,0,0,1,0,0,1,0,1,1,0,0,1,0,0,1
59,1,2,0,10,-1,1,90,0,3,0,0,0,1,0,0,1,0,1,1,0,0,1,0,0,1
59,1,3,1,0,0,0,0,1,3,0,0,0,1,0,0,1,0,1,1,0,0,1,0,0,1
59,2,1,1,10,-1,-1,890,0,3,0,0,0,1,0,0,1,0,1,1,0,0,1,0,0,1
59,2,2,0,5,1,-1,90,0,3,0,0,0,1,0,0,1,0,1,1,0,0,1,0,0,1
59,2,3,0,0,0,0,0,1,3,0,0,0,1,0,0,1,0,1,1,0,0,1,0,0,1
59,3,1,0,10,1,1,890,0,3,0,0,0,1,0,0,1,0,1,1,0,0,1,0,0,1
59,3,2,0,5,1,-1,90,0,3,0,0,0,1,0,0,1,0,1,1,0,0,1,0,0,1
59,3,3,1,0,0,0,0,1,3,0,0,0,1,0,0,1,0,1,1,0,0,1,0,0,1
59,4,1,0,5,-1,-1,90,0,3,0,0,0,1,0,0,1,0,1,1,0,0,1,0,0,1
59,4,2,0,10,-1,1,270,0,3,0,0,0,1,0,0,1,0,1,1,0,0,1,0,0,1
59,4,3,1,0,0,0,0,1,3,0,0,0,1,0,0,1,0,1,1,0,0,1,0,0,1
60,1,1,1,5,-1,-1,530,0,4,0,0,0,0,1,0,0,1,0,0,0,0,1,0,1,0
60,1,2,0,10,1,1,530,0,4,0,0,0,0,1,0,0,1,0,0,0,0,1,0,1,0
60,1,3,0,0,0,0,0,1,4,0,0,0,0,1,0,0,1,0,0,0,0,1,0,1,0
60,2,1,1,5,1,1,890,0,4,0,0,0,0,1,0,0,1,0,0,0,0,1,0,1,0
60,2,2,0,10,-1,-1,270,0,4,0,0,0,0,1,0,0,1,0,0,0,0,1,0,1,0
60,2,3,0,0,0,0,0,1,4,0,0,0,0,1,0,0,1,0,0,0,0,1,0,1,0
60,3,1,0,10,1,-1,90,0,4,0,0,0,0,1,0,0,1,0,0,0,0,1,0,1,0
60,3,2,1,5,1,1,890,0,4,0,0,0,0,1,0,0,1,0,0,0,0,1,0,1,0
60,3,3,0,0,0,0,0,1,4,0,0,0,0,1,0,0,1,0,0,0,0,1,0,1,0
60,4,1,0,10,1,1,90,0,4,0,0,0,0,1,0,0,1,0,0,0,0,1,0,1,0
60,4,2,1,5,-1,-1,890,0,4,0,0,0,0,1,0,0,1,0,0,0,0,1,0,1,0
60,4,3,0,0,0,0,0,1,4,0,0,0,0,1,0,0,1,0,0,0,0,1,0,1,0
60,1,1,1,5,1,1,530,0,1,0,0,0,1,0,0,0,1,0,0,0,0,1,0,1,0
60,1,2,0,10,1,-1,90,0,1,0,0,0,1,0,0,0,1,0,0,0,0,1,0,1,0
60,1,3,0,0,0,0,0,1,1,0,0,0,1,0,0,0,1,0,0,0,0,1,0,1,0
60,2,1,0,10,1,1,270,0,1,0,0,0,1,0,0,0,1,0,0,0,0,1,0,1,0
60,2,2,1,5,-1,-1,890,0,1,0,0,0,1,0,0,0,1,0,0,0,0,1,0,1,0
60,2,3,0,0,0,0,0,1,1,0,0,0,1,0,0,0,1,0,0,0,0,1,0,1,0
60,3,1,0,10,-1,-1,890,0,1,0,0,0,1,0,0,0,1,0,0,0,0,1,0,1,0
60,3,2,0,5,1,1,270,0,1,0,0,0,1,0,0,0,1,0,0,0,0,1,0,1,0
60,3,3,1,0,0,0,0,1,1,0,0,0,1,0,0,0,1,0,0,0,0,1,0,1,0
60,4,1,1,5,1,-1,90,0,1,0,0,0,1,0,0,0,1,0,0,0,0,1,0,1,0
60,4,2,0,10,-1,1,890,0,1,0,0,0,1,0,0,0,1,0,0,0,0,1,0,1,0
60,4,3,0,0,0,0,0,1,1,0,0,0,1,0,0,0,1,0,0,0,0,1,0,1,0
61,1,1,1,5,-1,1,270,0,3,0,0,0,0,1,0,0,0,1,1,0,0,0,0,0,1
61,1,2,0,10,-1,1,90,0,3,0,0,0,0,1,0,0,0,1,1,0,0,0,0,0,1
61,1,3,0,0,0,0,0,1,3,0,0,0,0,1,0,0,0,1,1,0,0,0,0,0,1
61,2,1,1,10,-1,-1,890,0,3,0,0,0,0,1,0,0,0,1,1,0,0,0,0,0,1
61,2,2,0,5,1,-1,90,0,3,0,0,0,0,1,0,0,0,1,1,0,0,0,0,0,1
61,2,3,0,0,0,0,0,1,3,0,0,0,0,1,0,0,0,1,1,0,0,0,0,0,1
61,3,1,0,10,1,1,890,0,3,0,0,0,0,1,0,0,0,1,1,0,0,0,0,0,1
61,3,2,0,5,1,-1,90,0,3,0,0,0,0,1,0,0,0,1,1,0,0,0,0,0,1
61,3,3,1,0,0,0,0,1,3,0,0,0,0,1,0,0,0,1,1,0,0,0,0,0,1
61,4,1,0,5,-1,-1,90,0,3,0,0,0,0,1,0,0,0,1,1,0,0,0,0,0,1
61,4,2,0,10,-1,1,270,0,3,0,0,0,0,1,0,0,0,1,1,0,0,0,0,0,1
61,4,3,1,0,0,0,0,1,3,0,0,0,0,1,0,0,0,1,1,0,0,0,0,0,1
61,1,1,1,5,-1,-1,530,0,4,0,1,0,1,0,0,1,1,0,1,0,1,1,0,1,0
61,1,2,0,10,1,1,530,0,4,0,1,0,1,0,0,1,1,0,1,0,1,1,0,1,0
61,1,3,0,0,0,0,0,1,4,0,1,0,1,0,0,1,1,0,1,0,1,1,0,1,0
61,2,1,0,5,1,1,890,0,4,0,1,0,1,0,0,1,1,0,1,0,1,1,0,1,0
61,2,2,0,10,-1,-1,270,0,4,0,1,0,1,0,0,1,1,0,1,0,1,1,0,1,0
61,2,3,1,0,0,0,0,1,4,0,1,0,1,0,0,1,1,0,1,0,1,1,0,1,0
61,3,1,0,10,1,-1,90,0,4,0,1,0,1,0,0,1,1,0,1,0,1,1,0,1,0
61,3,2,0,5,1,1,890,0,4,0,1,0,1,0,0,1,1,0,1,0,1,1,0,1,0
61,3,3,1,0,0,0,0,1,4,0,1,0,1,0,0,1,1,0,1,0,1,1,0,1,0
61,4,1,0,10,1,1,90,0,4,0,1,0,1,0,0,1,1,0,1,0,1,1,0,1,0
61,4,2,1,5,-1,-1,890,0,4,0,1,0,1,0,0,1,1,0,1,0,1,1,0,1,0
61,4,3,0,0,0,0,0,1,4,0,1,0,1,0,0,1,1,0,1,0,1,1,0,1,0
62,1,1,1,5,-1,-1,530,0,4,1,0,0,1,0,0,1,0,1,1,1,0,0,1,1,0
62,1,2,0,10,1,1,530,0,4,1,0,0,1,0,0,1,0,1,1,1,0,0,1,1,0
62,1,3,0,0,0,0,0,1,4,1,0,0,1,0,0,1,0,1,1,1,0,0,1,1,0
62,2,1,0,5,1,1,890,0,4,1,0,0,1,0,0,1,0,1,1,1,0,0,1,1,0
62,2,2,1,10,-1,-1,270,0,4,1,0,0,1,0,0,1,0,1,1,1,0,0,1,1,0
62,2,3,0,0,0,0,0,1,4,1,0,0,1,0,0,1,0,1,1,1,0,0,1,1,0
62,3,1,0,10,1,-1,90,0,4,1,0,0,1,0,0,1,0,1,1,1,0,0,1,1,0
62,3,2,0,5,1,1,890,0,4,1,0,0,1,0,0,1,0,1,1,1,0,0,1,1,0
62,3,3,1,0,0,0,0,1,4,1,0,0,1,0,0,1,0,1,1,1,0,0,1,1,0
62,4,1,0,10,1,1,90,0,4,1,0,0,1,0,0,1,0,1,1,1,0,0,1,1,0
62,4,2,1,5,-1,-1,890,0,4,1,0,0,1,0,0,1,0,1,1,1,0,0,1,1,0
62,4,3,0,0,0,0,0,1,4,1,0,0,1,0,0,1,0,1,1,1,0,0,1,1,0
63,1,1,0,5,1,1,530,0,1,0,0,0,1,0,0,1,0,1,1,0,0,0,0,0,1
63,1,2,0,10,1,-1,90,0,1,0,0,0,1,0,0,1,0,1,1,0,0,0,0,0,1
63,1,3,1,0,0,0,0,1,1,0,0,0,1,0,0,1,0,1,1,0,0,0,0,0,1
63,2,1,0,10,1,1,270,0,1,0,0,0,1,0,0,1,0,1,1,0,0,0,0,0,1
63,2,2,1,5,-1,-1,890,0,1,0,0,0,1,0,0,1,0,1,1,0,0,0,0,0,1
63,2,3,0,0,0,0,0,1,1,0,0,0,1,0,0,1,0,1,1,0,0,0,0,0,1
63,3,1,1,10,-1,-1,890,0,1,0,0,0,1,0,0,1,0,1,1,0,0,0,0,0,1
63,3,2,0,5,1,1,270,0,1,0,0,0,1,0,0,1,0,1,1,0,0,0,0,0,1
63,3,3,0,0,0,0,0,1,1,0,0,0,1,0,0,1,0,1,1,0,0,0,0,0,1
63,4,1,0,5,1,-1,90,0,1,0,0,0,1,0,0,1,0,1,1,0,0,0,0,0,1
63,4,2,0,10,-1,1,890,0,1,0,0,0,1,0,0,1,0,1,1,0,0,0,0,0,1
63,4,3,1,0,0,0,0,1,1,0,0,0,1,0,0,1,0,1,1,0,0,0,0,0,1
63,1,1,0,5,1,1,530,0,2,0,0,1,1,0,0,1,0,1,0,0,0,0,1,1,0
63,1,2,1,10,-1,-1,530,0,2,0,0,1,1,0,0,1,0,1,0,0,0,0,1,1,0
63,1,3,0,0,0,0,0,1,2,0,0,1,1,0,0,1,0,1,0,0,0,0,1,1,0
63,2,1,0,10,-1,-1,270,0,2,0,0,1,1,0,0,1,0,1,0,0,0,0,1,1,0
63,2,2,0,5,1,1,530,0,2,0,0,1,1,0,0,1,0,1,0,0,0,0,1,1,0
63,2,3,1,0,0,0,0,1,2,0,0,1,1,0,0,1,0,1,0,0,0,0,1,1,0
63,3,1,0,10,-1,1,270,0,2,0,0,1,1,0,0,1,0,1,0,0,0,0,1,1,0
63,3,2,0,5,-1,1,530,0,2,0,0,1,1,0,0,1,0,1,0,0,0,0,1,1,0
63,3,3,1,0,0,0,0,1,2,0,0,1,1,0,0,1,0,1,0,0,0,0,1,1,0
63,4,1,1,5,-1,-1,530,0,2,0,0,1,1,0,0,1,0,1,0,0,0,0,1,1,0
63,4,2,0,10,1,-1,270,0,2,0,0,1,1,0,0,1,0,1,0,0,0,0,1,1,0
63,4,3,0,0,0,0,0,1,2,0,0,1,1,0,0,1,0,1,0,0,0,0,1,1,0
64,1,1,1,5,-1,-1,530,0,4,1,0,0,1,0,0,1,0,1,1,0,0,0,0,1,0
64,1,2,0,10,1,1,530,0,4,1,0,0,1,0,0,1,0,1,1,0,0,0,0,1,0
64,1,3,0,0,0,0,0,1,4,1,0,0,1,0,0,1,0,1,1,0,0,0,0,1,0
64,2,1,0,5,1,1,890,0,4,1,0,0,1,0,0,1,0,1,1,0,0,0,0,1,0
64,2,2,0,10,-1,-1,270,0,4,1,0,0,1,0,0,1,0,1,1,0,0,0,0,1,0
64,2,3,1,0,0,0,0,1,4,1,0,0,1,0,0,1,0,1,1,0,0,0,0,1,0
64,3,1,0,10,1,-1,90,0,4,1,0,0,1,0,0,1,0,1,1,0,0,0,0,1,0
64,3,2,0,5,1,1,890,0,4,1,0,0,1,0,0,1,0,1,1,0,0,0,0,1,0
64,3,3,1,0,0,0,0,1,4,1,0,0,1,0,0,1,0,1,1,0,0,0,0,1,0
64,4,1,0,10,1,1,90,0,4,1,0,0,1,0,0,1,0,1,1,0,0,0,0,1,0
64,4,2,1,5,-1,-1,890,0,4,1,0,0,1,0,0,1,0,1,1,0,0,0,0,1,0
64,4,3,0,0,0,0,0,1,4,1,0,0,1,0,0,1,0,1,1,0,0,0,0,1,0
64,1,1,1,5,1,1,530,0,1,1,1,0,1,0,0,1,0,1,1,0,0,0,0,1,0
64,1,2,0,10,1,-1,90,0,1,1,1,0,1,0,0,1,0,1,1,0,0,0,0,1,0
64,1,3,0,0,0,0,0,1,1,1,1,0,1,0,0,1,0,1,1,0,0,0,0,1,0
64,2,1,0,10,1,1,270,0,1,1,1,0,1,0,0,1,0,1,1,0,0,0,0,1,0
64,2,2,1,5,-1,-1,890,0,1,1,1,0,1,0,0,1,0,1,1,0,0,0,0,1,0
64,2,3,0,0,0,0,0,1,1,1,1,0,1,0,0,1,0,1,1,0,0,0,0,1,0
64,3,1,1,10,-1,-1,890,0,1,1,1,0,1,0,0,1,0,1,1,0,0,0,0,1,0
64,3,2,0,5,1,1,270,0,1,1,1,0,1,0,0,1,0,1,1,0,0,0,0,1,0
64,3,3,0,0,0,0,0,1,1,1,1,0,1,0,0,1,0,1,1,0,0,0,0,1,0
64,4,1,0,5,1,-1,90,0,1,1,1,0,1,0,0,1,0,1,1,0,0,0,0,1,0
64,4,2,0,10,-1,1,890,0,1,1,1,0,1,0,0,1,0,1,1,0,0,0,0,1,0
64,4,3,1,0,0,0,0,1,1,1,1,0,1,0,0,1,0,1,1,0,0,0,0,1,0
65,1,1,0,5,-1,1,270,0,3,1,0,0,1,0,0,0,1,0,0,0,1,1,0,0,1
65,1,2,0,10,-1,1,90,0,3,1,0,0,1,0,0,0,1,0,0,0,1,1,0,0,1
65,1,3,1,0,0,0,0,1,3,1,0,0,1,0,0,0,1,0,0,0,1,1,0,0,1
65,2,1,1,10,-1,-1,890,0,3,1,0,0,1,0,0,0,1,0,0,0,1,1,0,0,1
65,2,2,0,5,1,-1,90,0,3,1,0,0,1,0,0,0,1,0,0,0,1,1,0,0,1
65,2,3,0,0,0,0,0,1,3,1,0,0,1,0,0,0,1,0,0,0,1,1,0,0,1
65,3,1,0,10,1,1,890,0,3,1,0,0,1,0,0,0,1,0,0,0,1,1,0,0,1
65,3,2,0,5,1,-1,90,0,3,1,0,0,1,0,0,0,1,0,0,0,1,1,0,0,1
65,3,3,1,0,0,0,0,1,3,1,0,0,1,0,0,0,1,0,0,0,1,1,0,0,1
65,4,1,0,5,-1,-1,90,0,3,1,0,0,1,0,0,0,1,0,0,0,1,1,0,0,1
65,4,2,0,10,-1,1,270,0,3,1,0,0,1,0,0,0,1,0,0,0,1,1,0,0,1
65,4,3,1,0,0,0,0,1,3,1,0,0,1,0,0,0,1,0,0,0,1,1,0,0,1
66,1,1,0,5,1,1,530,0,2,1,0,1,1,0,0,0,0,1,1,0,1,1,0,1,0
66,1,2,1,10,-1,-1,530,0,2,1,0,1,1,0,0,0,0,1,1,0,1,1,0,1,0
66,1,3,0,0,0,0,0,1,2,1,0,1,1,0,0,0,0,1,1,0,1,1,0,1,0
66,2,1,1,10,-1,-1,270,0,2,1,0,1,1,0,0,0,0,1,1,0,1,1,0,1,0
66,2,2,0,5,1,1,530,0,2,1,0,1,1,0,0,0,0,1,1,0,1,1,0,1,0
66,2,3,0,0,0,0,0,1,2,1,0,1,1,0,0,0,0,1,1,0,1,1,0,1,0
66,3,1,0,10,-1,1,270,0,2,1,0,1,1,0,0,0,0,1,1,0,1,1,0,1,0
66,3,2,0,5,-1,1,530,0,2,1,0,1,1,0,0,0,0,1,1,0,1,1,0,1,0
66,3,3,1,0,0,0,0,1,2,1,0,1,1,0,0,0,0,1,1,0,1,1,0,1,0
66,4,1,1,5,-1,-1,530,0,2,1,0,1,1,0,0,0,0,1,1,0,1,1,0,1,0
66,4,2,0,10,1,-1,270,0,2,1,0,1,1,0,0,0,0,1,1,0,1,1,0,1,0
66,4,3,0,0,0,0,0,1,2,1,0,1,1,0,0,0,0,1,1,0,1,1,0,1,0
67,1,1,0,5,1,1,530,0,2,0,1,1,1,0,0,1,1,0,0,0,1,1,0,1,0
67,1,2,1,10,-1,-1,530,0,2,0,1,1,1,0,0,1,1,0,0,0,1,1,0,1,0
67,1,3,0,0,0,0,0,1,2,0,1,1,1,0,0,1,1,0,0,0,1,1,0,1,0
67,2,1,0,10,-1,-1,270,0,2,0,1,1,1,0,0,1,1,0,0,0,1,1,0,1,0
67,2,2,1,5,1,1,530,0,2,0,1,1,1,0,0,1,1,0,0,0,1,1,0,1,0
67,2,3,0,0,0,0,0,1,2,0,1,1,1,0,0,1,1,0,0,0,1,1,0,1,0
67,3,1,0,10,-1,1,270,0,2,0,1,1,1,0,0,1,1,0,0,0,1,1,0,1,0
67,3,2,1,5,-1,1,530,0,2,0,1,1,1,0,0,1,1,0,0,0,1,1,0,1,0
67,3,3,0,0,0,0,0,1,2,0,1,1,1,0,0,1,1,0,0,0,1,1,0,1,0
67,4,1,1,5,-1,-1,530,0,2,0,1,1,1,0,0,1,1,0,0,0,1,1,0,1,0
67,4,2,0,10,1,-1,270,0,2,0,1,1,1,0,0,1,1,0,0,0,1,1,0,1,0
67,4,3,0,0,0,0,0,1,2,0,1,1,1,0,0,1,1,0,0,0,1,1,0,1,0
68,1,1,0,5,1,1,530,0,2,0,0,0,1,0,0,1,0,1,1,0,0,1,0,0,1
68,1,2,1,10,-1,-1,530,0,2,0,0,0,1,0,0,1,0,1,1,0,0,1,0,0,1
68,1,3,0,0,0,0,0,1,2,0,0,0,1,0,0,1,0,1,1,0,0,1,0,0,1
68,2,1,0,10,-1,-1,270,0,2,0,0,0,1,0,0,1,0,1,1,0,0,1,0,0,1
68,2,2,0,5,1,1,530,0,2,0,0,0,1,0,0,1,0,1,1,0,0,1,0,0,1
68,2,3,1,0,0,0,0,1,2,0,0,0,1,0,0,1,0,1,1,0,0,1,0,0,1
68,3,1,0,10,-1,1,270,0,2,0,0,0,1,0,0,1,0,1,1,0,0,1,0,0,1
68,3,2,0,5,-1,1,530,0,2,0,0,0,1,0,0,1,0,1,1,0,0,1,0,0,1
68,3,3,1,0,0,0,0,1,2,0,0,0,1,0,0,1,0,1,1,0,0,1,0,0,1
68,4,1,1,5,-1,-1,530,0,2,0,0,0,1,0,0,1,0,1,1,0,0,1,0,0,1
68,4,2,0,10,1,-1,270,0,2,0,0,0,1,0,0,1,0,1,1,0,0,1,0,0,1
68,4,3,0,0,0,0,0,1,2,0,0,0,1,0,0,1,0,1,1,0,0,1,0,0,1
69,1,1,0,5,-1,1,270,0,3,0,0,0,1,0,0,1,0,1,1,0,0,0,0,0,1
69,1,2,0,10,-1,1,90,0,3,0,0,0,1,0,0,1,0,1,1,0,0,0,0,0,1
69,1,3,1,0,0,0,0,1,3,0,0,0,1,0,0,1,0,1,1,0,0,0,0,0,1
69,2,1,0,10,-1,-1,890,0,3,0,0,0,1,0,0,1,0,1,1,0,0,0,0,0,1
69,2,2,0,5,1,-1,90,0,3,0,0,0,1,0,0,1,0,1,1,0,0,0,0,0,1
69,2,3,1,0,0,0,0,1,3,0,0,0,1,0,0,1,0,1,1,0,0,0,0,0,1
69,3,1,0,10,1,1,890,0,3,0,0,0,1,0,0,1,0,1,1,0,0,0,0,0,1
69,3,2,0,5,1,-1,90,0,3,0,0,0,1,0,0,1,0,1,1,0,0,0,0,0,1
69,3,3,1,0,0,0,0,1,3,0,0,0,1,0,0,1,0,1,1,0,0,0,0,0,1
69,4,1,0,5,-1,-1,90,0,3,0,0,0,1,0,0,1,0,1,1,0,0,0,0,0,1
69,4,2,0,10,-1,1,270,0,3,0,0,0,1,0,0,1,0,1,1,0,0,0,0,0,1
69,4,3,1,0,0,0,0,1,3,0,0,0,1,0,0,1,0,1,1,0,0,0,0,0,1
70,1,1,1,5,-1,1,270,0,3,0,0,0,1,0,0,1,0,1,1,0,0,0,0,0,1
70,1,2,0,10,-1,1,90,0,3,0,0,0,1,0,0,1,0,1,1,0,0,0,0,0,1
70,1,3,0,0,0,0,0,1,3,0,0,0,1,0,0,1,0,1,1,0,0,0,0,0,1
70,2,1,1,10,-1,-1,890,0,3,0,0,0,1,0,0,1,0,1,1,0,0,0,0,0,1
70,2,2,0,5,1,-1,90,0,3,0,0,0,1,0,0,1,0,1,1,0,0,0,0,0,1
70,2,3,0,0,0,0,0,1,3,0,0,0,1,0,0,1,0,1,1,0,0,0,0,0,1
70,3,1,1,10,1,1,890,0,3,0,0,0,1,0,0,1,0,1,1,0,0,0,0,0,1
70,3,2,0,5,1,-1,90,0,3,0,0,0,1,0,0,1,0,1,1,0,0,0,0,0,1
70,3,3,0,0,0,0,0,1,3,0,0,0,1,0,0,1,0,1,1,0,0,0,0,0,1
70,4,1,0,5,-1,-1,90,0,3,0,0,0,1,0,0,1,0,1,1,0,0,0,0,0,1
70,4,2,1,10,-1,1,270,0,3,0,0,0,1,0,0,1,0,1,1,0,0,0,0,0,1
70,4,3,0,0,0,0,0,1,3,0,0,0,1,0,0,1,0,1,1,0,0,0,0,0,1
71,1,1,1,5,-1,-1,530,0,4,0,0,0,0,1,0,0,0,1,0,1,0,1,0,0,1
71,1,2,0,10,1,1,530,0,4,0,0,0,0,1,0,0,0,1,0,1,0,1,0,0,1
71,1,3,0,0,0,0,0,1,4,0,0,0,0,1,0,0,0,1,0,1,0,1,0,0,1
71,2,1,0,5,1,1,890,0,4,0,0,0,0,1,0,0,0,1,0,1,0,1,0,0,1
71,2,2,0,10,-1,-1,270,0,4,0,0,0,0,1,0,0,0,1,0,1,0,1,0,0,1
71,2,3,1,0,0,0,0,1,4,0,0,0,0,1,0,0,0,1,0,1,0,1,0,0,1
71,3,1,0,10,1,-1,90,0,4,0,0,0,0,1,0,0,0,1,0,1,0,1,0,0,1
71,3,2,1,5,1,1,890,0,4,0,0,0,0,1,0,0,0,1,0,1,0,1,0,0,1
71,3,3,0,0,0,0,0,1,4,0,0,0,0,1,0,0,0,1,0,1,0,1,0,0,1
71,4,1,1,10,1,1,90,0,4,0,0,0,0,1,0,0,0,1,0,1,0,1,0,0,1
71,4,2,0,5,-1,-1,890,0,4,0,0,0,0,1,0,0,0,1,0,1,0,1,0,0,1
71,4,3,0,0,0,0,0,1,4,0,0,0,0,1,0,0,0,1,0,1,0,1,0,0,1
72,1,1,1,5,-1,1,270,0,3,0,0,0,0,1,0,1,1,0,1,1,0,0,1,0,1
72,1,2,0,10,-1,1,90,0,3,0,0,0,0,1,0,1,1,0,1,1,0,0,1,0,1
72,1,3,0,0,0,0,0,1,3,0,0,0,0,1,0,1,1,0,1,1,0,0,1,0,1
72,2,1,1,10,-1,-1,890,0,3,0,0,0,0,1,0,1,1,0,1,1,0,0,1,0,1
72,2,2,0,5,1,-1,90,0,3,0,0,0,0,1,0,1,1,0,1,1,0,0,1,0,1
72,2,3,0,0,0,0,0,1,3,0,0,0,0,1,0,1,1,0,1,1,0,0,1,0,1
72,3,1,1,10,1,1,890,0,3,0,0,0,0,1,0,1,1,0,1,1,0,0,1,0,1
72,3,2,0,5,1,-1,90,0,3,0,0,0,0,1,0,1,1,0,1,1,0,0,1,0,1
72,3,3,0,0,0,0,0,1,3,0,0,0,0,1,0,1,1,0,1,1,0,0,1,0,1
72,4,1,0,5,-1,-1,90,0,3,0,0,0,0,1,0,1,1,0,1,1,0,0,1,0,1
72,4,2,1,10,-1,1,270,0,3,0,0,0,0,1,0,1,1,0,1,1,0,0,1,0,1
72,4,3,0,0,0,0,0,1,3,0,0,0,0,1,0,1,1,0,1,1,0,0,1,0,1
73,1,1,0,5,-1,1,270,0,3,0,1,0,1,0,0,1,0,1,0,0,0,0,1,0,1
73,1,2,0,10,-1,1,90,0,3,0,1,0,1,0,0,1,0,1,0,0,0,0,1,0,1
73,1,3,1,0,0,0,0,1,3,0,1,0,1,0,0,1,0,1,0,0,0,0,1,0,1
73,2,1,1,10,-1,-1,890,0,3,0,1,0,1,0,0,1,0,1,0,0,0,0,1,0,1
73,2,2,0,5,1,-1,90,0,3,0,1,0,1,0,0,1,0,1,0,0,0,0,1,0,1
73,2,3,0,0,0,0,0,1,3,0,1,0,1,0,0,1,0,1,0,0,0,0,1,0,1
73,3,1,0,10,1,1,890,0,3,0,1,0,1,0,0,1,0,1,0,0,0,0,1,0,1
73,3,2,0,5,1,-1,90,0,3,0,1,0,1,0,0,1,0,1,0,0,0,0,1,0,1
73,3,3,1,0,0,0,0,1,3,0,1,0,1,0,0,1,0,1,0,0,0,0,1,0,1
73,4,1,0,5,-1,-1,90,0,3,0,1,0,1,0,0,1,0,1,0,0,0,0,1,0,1
73,4,2,0,10,-1,1,270,0,3,0,1,0,1,0,0,1,0,1,0,0,0,0,1,0,1
73,4,3,1,0,0,0,0,1,3,0,1,0,1,0,0,1,0,1,0,0,0,0,1,0,1
73,1,1,0,5,1,1,530,0,2,0,0,0,1,0,0,0,1,0,0,0,0,1,0,1,0
73,1,2,1,10,-1,-1,530,0,2,0,0,0,1,0,0,0,1,0,0,0,0,1,0,1,0
73,1,3,0,0,0,0,0,1,2,0,0,0,1,0,0,0,1,0,0,0,0,1,0,1,0
73,2,1,0,10,-1,-1,270,0,2,0,0,0,1,0,0,0,1,0,0,0,0,1,0,1,0
73,2,2,1,5,1,1,530,0,2,0,0,0,1,0,0,0,1,0,0,0,0,1,0,1,0
73,2,3,0,0,0,0,0,1,2,0,0,0,1,0,0,0,1,0,0,0,0,1,0,1,0
73,3,1,0,10,-1,1,270,0,2,0,0,0,1,0,0,0,1,0,0,0,0,1,0,1,0
73,3,2,0,5,-1,1,530,0,2,0,0,0,1,0,0,0,1,0,0,0,0,1,0,1,0
73,3,3,1,0,0,0,0,1,2,0,0,0,1,0,0,0,1,0,0,0,0,1,0,1,0
73,4,1,1,5,-1,-1,530,0,2,0,0,0,1,0,0,0,1,0,0,0,0,1,0,1,0
73,4,2,0,10,1,-1,270,0,2,0,0,0,1,0,0,0,1,0,0,0,0,1,0,1,0
73,4,3,0,0,0,0,0,1,2,0,0,0,1,0,0,0,1,0,0,0,0,1,0,1,0
74,1,1,1,5,1,1,530,0,1,0,0,0,1,0,0,0,0,1,0,0,0,0,1,0,1
74,1,2,0,10,1,-1,90,0,1,0,0,0,1,0,0,0,0,1,0,0,0,0,1,0,1
74,1,3,0,0,0,0,0,1,1,0,0,0,1,0,0,0,0,1,0,0,0,0,1,0,1
74,2,1,0,10,1,1,270,0,1,0,0,0,1,0,0,0,0,1,0,0,0,0,1,0,1
74,2,2,1,5,-1,-1,890,0,1,0,0,0,1,0,0,0,0,1,0,0,0,0,1,0,1
74,2,3,0,0,0,0,0,1,1,0,0,0,1,0,0,0,0,1,0,0,0,0,1,0,1
74,3,1,0,10,-1,-1,890,0,1,0,0,0,1,0,0,0,0,1,0,0,0,0,1,0,1
74,3,2,0,5,1,1,270,0,1,0,0,0,1,0,0,0,0,1,0,0,0,0,1,0,1
74,3,3,1,0,0,0,0,1,1,0,0,0,1,0,0,0,0,1,0,0,0,0,1,0,1
74,4,1,0,5,1,-1,90,0,1,0,0,0,1,0,0,0,0,1,0,0,0,0,1,0,1
74,4,2,1,10,-1,1,890,0,1,0,0,0,1,0,0,0,0,1,0,0,0,0,1,0,1
74,4,3,0,0,0,0,0,1,1,0,0,0,1,0,0,0,0,1,0,0,0,0,1,0,1
74,1,1,1,5,1,1,530,0,2,0,1,0,1,0,0,0,0,1,0,0,1,0,1,0,1
74,1,2,0,10,-1,-1,530,0,2,0,1,0,1,0,0,0,0,1,0,0,1,0,1,0,1
74,1,3,0,0,0,0,0,1,2,0,1,0,1,0,0,0,0,1,0,0,1,0,1,0,1
74,2,1,0,10,-1,-1,270,0,2,0,1,0,1,0,0,0,0,1,0,0,1,0,1,0,1
74,2,2,1,5,1,1,530,0,2,0,1,0,1,0,0,0,0,1,0,0,1,0,1,0,1
74,2,3,0,0,0,0,0,1,2,0,1,0,1,0,0,0,0,1,0,0,1,0,1,0,1
74,3,1,0,10,-1,1,270,0,2,0,1,0,1,0,0,0,0,1,0,0,1,0,1,0,1
74,3,2,1,5,-1,1,530,0,2,0,1,0,1,0,0,0,0,1,0,0,1,0,1,0,1
74,3,3,0,0,0,0,0,1,2,0,1,0,1,0,0,0,0,1,0,0,1,0,1,0,1
74,4,1,1,5,-1,-1,530,0,2,0,1,0,1,0,0,0,0,1,0,0,1,0,1,0,1
74,4,2,0,10,1,-1,270,0,2,0,1,0,1,0,0,0,0,1,0,0,1,0,1,0,1
74,4,3,0,0,0,0,0,1,2,0,1,0,1,0,0,0,0,1,0,0,1,0,1,0,1
75,1,1,1,5,-1,-1,530,0,4,0,0,0,1,0,0,1,0,1,0,0,0,1,0,0,1
75,1,2,0,10,1,1,530,0,4,0,0,0,1,0,0,1,0,1,0,0,0,1,0,0,1
75,1,3,0,0,0,0,0,1,4,0,0,0,1,0,0,1,0,1,0,0,0,1,0,0,1
75,2,1,1,5,1,1,890,0,4,0,0,0,1,0,0,1,0,1,0,0,0,1,0,0,1
75,2,2,0,10,-1,-1,270,0,4,0,0,0,1,0,0,1,0,1,0,0,0,1,0,0,1
75,2,3,0,0,0,0,0,1,4,0,0,0,1,0,0,1,0,1,0,0,0,1,0,0,1
75,3,1,0,10,1,-1,90,0,4,0,0,0,1,0,0,1,0,1,0,0,0,1,0,0,1
75,3,2,1,5,1,1,890,0,4,0,0,0,1,0,0,1,0,1,0,0,0,1,0,0,1
75,3,3,0,0,0,0,0,1,4,0,0,0,1,0,0,1,0,1,0,0,0,1,0,0,1
75,4,1,0,10,1,1,90,0,4,0,0,0,1,0,0,1,0,1,0,0,0,1,0,0,1
75,4,2,1,5,-1,-1,890,0,4,0,0,0,1,0,0,1,0,1,0,0,0,1,0,0,1
75,4,3,0,0,0,0,0,1,4,0,0,0,1,0,0,1,0,1,0,0,0,1,0,0,1
75,1,1,1,5,1,1,530,0,1,0,1,0,1,0,0,0,0,1,0,0,0,0,1,1,0
75,1,2,0,10,1,-1,90,0,1,0,1,0,1,0,0,0,0,1,0,0,0,0,1,1,0
75,1,3,0,0,0,0,0,1,1,0,1,0,1,0,0,0,0,1,0,0,0,0,1,1,0
75,2,1,0,10,1,1,270,0,1,0,1,0,1,0,0,0,0,1,0,0,0,0,1,1,0
75,2,2,1,5,-1,-1,890,0,1,0,1,0,1,0,0,0,0,1,0,0,0,0,1,1,0
75,2,3,0,0,0,0,0,1,1,0,1,0,1,0,0,0,0,1,0,0,0,0,1,1,0
75,3,1,1,10,-1,-1,890,0,1,0,1,0,1,0,0,0,0,1,0,0,0,0,1,1,0
75,3,2,0,5,1,1,270,0,1,0,1,0,1,0,0,0,0,1,0,0,0,0,1,1,0
75,3,3,0,0,0,0,0,1,1,0,1,0,1,0,0,0,0,1,0,0,0,0,1,1,0
75,4,1,0,5,1,-1,90,0,1,0,1,0,1,0,0,0,0,1,0,0,0,0,1,1,0
75,4,2,1,10,-1,1,890,0,1,0,1,0,1,0,0,0,0,1,0,0,0,0,1,1,0
75,4,3,0,0,0,0,0,1,1,0,1,0,1,0,0,0,0,1,0,0,0,0,1,1,0
76,1,1,1,5,-1,1,270,0,3,0,0,0,0,1,0,1,0,1,0,0,0,0,0,0,1
76,1,2,0,10,-1,1,90,0,3,0,0,0,0,1,0,1,0,1,0,0,0,0,0,0,1
76,1,3,0,0,0,0,0,1,3,0,0,0,0,1,0,1,0,1,0,0,0,0,0,0,1
76,2,1,0,10,-1,-1,890,0,3,0,0,0,0,1,0,1,0,1,0,0,0,0,0,0,1
76,2,2,1,5,1,-1,90,0,3,0,0,0,0,1,0,1,0,1,0,0,0,0,0,0,1
76,2,3,0,0,0,0,0,1,3,0,0,0,0,1,0,1,0,1,0,0,0,0,0,0,1
76,3,1,0,10,1,1,890,0,3,0,0,0,0,1,0,1,0,1,0,0,0,0,0,0,1
76,3,2,0,5,1,-1,90,0,3,0,0,0,0,1,0,1,0,1,0,0,0,0,0,0,1
76,3,3,1,0,0,0,0,1,3,0,0,0,0,1,0,1,0,1,0,0,0,0,0,0,1
76,4,1,0,5,-1,-1,90,0,3,0,0,0,0,1,0,1,0,1,0,0,0,0,0,0,1
76,4,2,1,10,-1,1,270,0,3,0,0,0,0,1,0,1,0,1,0,0,0,0,0,0,1
76,4,3,0,0,0,0,0,1,3,0,0,0,0,1,0,1,0,1,0,0,0,0,0,0,1
77,1,1,1,5,-1,-1,530,0,4,0,1,0,1,0,0,0,0,1,0,0,0,1,0,0,1
77,1,2,0,10,1,1,530,0,4,0,1,0,1,0,0,0,0,1,0,0,0,1,0,0,1
77,1,3,0,0,0,0,0,1,4,0,1,0,1,0,0,0,0,1,0,0,0,1,0,0,1
77,2,1,1,5,1,1,890,0,4,0,1,0,1,0,0,0,0,1,0,0,0,1,0,0,1
77,2,2,0,10,-1,-1,270,0,4,0,1,0,1,0,0,0,0,1,0,0,0,1,0,0,1
77,2,3,0,0,0,0,0,1,4,0,1,0,1,0,0,0,0,1,0,0,0,1,0,0,1
77,3,1,0,10,1,-1,90,0,4,0,1,0,1,0,0,0,0,1,0,0,0,1,0,0,1
77,3,2,1,5,1,1,890,0,4,0,1,0,1,0,0,0,0,1,0,0,0,1,0,0,1
77,3,3,0,0,0,0,0,1,4,0,1,0,1,0,0,0,0,1,0,0,0,1,0,0,1
77,4,1,0,10,1,1,90,0,4,0,1,0,1,0,0,0,0,1,0,0,0,1,0,0,1
77,4,2,1,5,-1,-1,890,0,4,0,1,0,1,0,0,0,0,1,0,0,0,1,0,0,1
77,4,3,0,0,0,0,0,1,4,0,1,0,1,0,0,0,0,1,0,0,0,1,0,0,1
78,1,1,1,5,1,1,530,0,2,0,1,0,1,0,0,0,0,1,0,0,0,0,1,0,1
78,1,2,0,10,-1,-1,530,0,2,0,1,0,1,0,0,0,0,1,0,0,0,0,1,0,1
78,1,3,0,0,0,0,0,1,2,0,1,0,1,0,0,0,0,1,0,0,0,0,1,0,1
78,2,1,0,10,-1,-1,270,0,2,0,1,0,1,0,0,0,0,1,0,0,0,0,1,0,1
78,2,2,1,5,1,1,530,0,2,0,1,0,1,0,0,0,0,1,0,0,0,0,1,0,1
78,2,3,0,0,0,0,0,1,2,0,1,0,1,0,0,0,0,1,0,0,0,0,1,0,1
78,3,1,0,10,-1,1,270,0,2,0,1,0,1,0,0,0,0,1,0,0,0,0,1,0,1
78,3,2,1,5,-1,1,530,0,2,0,1,0,1,0,0,0,0,1,0,0,0,0,1,0,1
78,3,3,0,0,0,0,0,1,2,0,1,0,1,0,0,0,0,1,0,0,0,0,1,0,1
78,4,1,1,5,-1,-1,530,0,2,0,1,0,1,0,0,0,0,1,0,0,0,0,1,0,1
78,4,2,0,10,1,-1,270,0,2,0,1,0,1,0,0,0,0,1,0,0,0,0,1,0,1
78,4,3,0,0,0,0,0,1,2,0,1,0,1,0,0,0,0,1,0,0,0,0,1,0,1
78,1,1,1,5,1,1,530,0,1,0,1,0,1,0,0,1,0,1,0,0,0,0,0,1,0
78,1,2,0,10,1,-1,90,0,1,0,1,0,1,0,0,1,0,1,0,0,0,0,0,1,0
78,1,3,0,0,0,0,0,1,1,0,1,0,1,0,0,1,0,1,0,0,0,0,0,1,0
78,2,1,0,10,1,1,270,0,1,0,1,0,1,0,0,1,0,1,0,0,0,0,0,1,0
78,2,2,0,5,-1,-1,890,0,1,0,1,0,1,0,0,1,0,1,0,0,0,0,0,1,0
78,2,3,1,0,0,0,0,1,1,0,1,0,1,0,0,1,0,1,0,0,0,0,0,1,0
78,3,1,0,10,-1,-1,890,0,1,0,1,0,1,0,0,1,0,1,0,0,0,0,0,1,0
78,3,2,0,5,1,1,270,0,1,0,1,0,1,0,0,1,0,1,0,0,0,0,0,1,0
78,3,3,1,0,0,0,0,1,1,0,1,0,1,0,0,1,0,1,0,0,0,0,0,1,0
78,4,1,0,5,1,-1,90,0,1,0,1,0,1,0,0,1,0,1,0,0,0,0,0,1,0
78,4,2,0,10,-1,1,890,0,1,0,1,0,1,0,0,1,0,1,0,0,0,0,0,1,0
78,4,3,1,0,0,0,0,1,1,0,1,0,1,0,0,1,0,1,0,0,0,0,0,1,0
79,1,1,1,5,-1,-1,530,0,4,0,0,0,0,1,0,1,0,1,0,0,0,0,0,0,0
79,1,2,0,10,1,1,530,0,4,0,0,0,0,1,0,1,0,1,0,0,0,0,0,0,0
79,1,3,0,0,0,0,0,1,4,0,0,0,0,1,0,1,0,1,0,0,0,0,0,0,0
79,2,1,1,5,1,1,890,0,4,0,0,0,0,1,0,1,0,1,0,0,0,0,0,0,0
79,2,2,0,10,-1,-1,270,0,4,0,0,0,0,1,0,1,0,1,0,0,0,0,0,0,0
79,2,3,0,0,0,0,0,1,4,0,0,0,0,1,0,1,0,1,0,0,0,0,0,0,0
79,3,1,0,10,1,-1,90,0,4,0,0,0,0,1,0,1,0,1,0,0,0,0,0,0,0
79,3,2,1,5,1,1,890,0,4,0,0,0,0,1,0,1,0,1,0,0,0,0,0,0,0
79,3,3,0,0,0,0,0,1,4,0,0,0,0,1,0,1,0,1,0,0,0,0,0,0,0
79,4,1,0,10,1,1,90,0,4,0,0,0,0,1,0,1,0,1,0,0,0,0,0,0,0
79,4,2,1,5,-1,-1,890,0,4,0,0,0,0,1,0,1,0,1,0,0,0,0,0,0,0
79,4,3,0,0,0,0,0,1,4,0,0,0,0,1,0,1,0,1,0,0,0,0,0,0,0
80,1,1,0,5,-1,1,270,0,3,0,0,0,1,0,0,1,1,0,1,0,1,0,1,1,0
80,1,2,0,10,-1,1,90,0,3,0,0,0,1,0,0,1,1,0,1,0,1,0,1,1,0
80,1,3,1,0,0,0,0,1,3,0,0,0,1,0,0,1,1,0,1,0,1,0,1,1,0
80,2,1,0,10,-1,-1,890,0,3,0,0,0,1,0,0,1,1,0,1,0,1,0,1,1,0
80,2,2,0,5,1,-1,90,0,3,0,0,0,1,0,0,1,1,0,1,0,1,0,1,1,0
80,2,3,1,0,0,0,0,1,3,0,0,0,1,0,0,1,1,0,1,0,1,0,1,1,0
80,3,1,0,10,1,1,890,0,3,0,0,0,1,0,0,1,1,0,1,0,1,0,1,1,0
80,3,2,0,5,1,-1,90,0,3,0,0,0,1,0,0,1,1,0,1,0,1,0,1,1,0
80,3,3,1,0,0,0,0,1,3,0,0,0,1,0,0,1,1,0,1,0,1,0,1,1,0
80,4,1,0,5,-1,-1,90,0,3,0,0,0,1,0,0,1,1,0,1,0,1,0,1,1,0
80,4,2,1,10,-1,1,270,0,3,0,0,0,1,0,0,1,1,0,1,0,1,0,1,1,0
80,4,3,0,0,0,0,0,1,3,0,0,0,1,0,0,1,1,0,1,0,1,0,1,1,0
81,1,1,1,5,-1,1,270,0,3,0,0,0,0,1,0,0,1,0,0,1,0,1,0,1,0
81,1,2,0,10,-1,1,90,0,3,0,0,0,0,1,0,0,1,0,0,1,0,1,0,1,0
81,1,3,0,0,0,0,0,1,3,0,0,0,0,1,0,0,1,0,0,1,0,1,0,1,0
81,2,1,1,10,-1,-1,890,0,3,0,0,0,0,1,0,0,1,0,0,1,0,1,0,1,0
81,2,2,0,5,1,-1,90,0,3,0,0,0,0,1,0,0,1,0,0,1,0,1,0,1,0
81,2,3,0,0,0,0,0,1,3,0,0,0,0,1,0,0,1,0,0,1,0,1,0,1,0
81,3,1,1,10,1,1,890,0,3,0,0,0,0,1,0,0,1,0,0,1,0,1,0,1,0
81,3,2,0,5,1,-1,90,0,3,0,0,0,0,1,0,0,1,0,0,1,0,1,0,1,0
81,3,3,0,0,0,0,0,1,3,0,0,0,0,1,0,0,1,0,0,1,0,1,0,1,0
81,4,1,0,5,-1,-1,90,0,3,0,0,0,0,1,0,0,1,0,0,1,0,1,0,1,0
81,4,2,1,10,-1,1,270,0,3,0,0,0,0,1,0,0,1,0,0,1,0,1,0,1,0
81,4,3,0,0,0,0,0,1,3,0,0,0,0,1,0,0,1,0,0,1,0,1,0,1,0
81,1,1,0,5,1,1,530,0,2,0,0,0,0,0,1,1,0,1,0,0,0,0,1,1,0
81,1,2,1,10,-1,-1,530,0,2,0,0,0,0,0,1,1,0,1,0,0,0,0,1,1,0
81,1,3,0,0,0,0,0,1,2,0,0,0,0,0,1,1,0,1,0,0,0,0,1,1,0
81,2,1,0,10,-1,-1,270,0,2,0,0,0,0,0,1,1,0,1,0,0,0,0,1,1,0
81,2,2,1,5,1,1,530,0,2,0,0,0,0,0,1,1,0,1,0,0,0,0,1,1,0
81,2,3,0,0,0,0,0,1,2,0,0,0,0,0,1,1,0,1,0,0,0,0,1,1,0
81,3,1,0,10,-1,1,270,0,2,0,0,0,0,0,1,1,0,1,0,0,0,0,1,1,0
81,3,2,1,5,-1,1,530,0,2,0,0,0,0,0,1,1,0,1,0,0,0,0,1,1,0
81,3,3,0,0,0,0,0,1,2,0,0,0,0,0,1,1,0,1,0,0,0,0,1,1,0
81,4,1,0,5,-1,-1,530,0,2,0,0,0,0,0,1,1,0,1,0,0,0,0,1,1,0
81,4,2,0,10,1,-1,270,0,2,0,0,0,0,0,1,1,0,1,0,0,0,0,1,1,0
81,4,3,1,0,0,0,0,1,2,0,0,0,0,0,1,1,0,1,0,0,0,0,1,1,0
82,1,1,1,5,-1,1,270,0,3,0,0,0,1,0,0,0,0,1,0,0,0,1,0,1,0
82,1,2,0,10,-1,1,90,0,3,0,0,0,1,0,0,0,0,1,0,0,0,1,0,1,0
82,1,3,0,0,0,0,0,1,3,0,0,0,1,0,0,0,0,1,0,0,0,1,0,1,0
82,2,1,1,10,-1,-1,890,0,3,0,0,0,1,0,0,0,0,1,0,0,0,1,0,1,0
82,2,2,0,5,1,-1,90,0,3,0,0,0,1,0,0,0,0,1,0,0,0,1,0,1,0
82,2,3,0,0,0,0,0,1,3,0,0,0,1,0,0,0,0,1,0,0,0,1,0,1,0
82,3,1,1,10,1,1,890,0,3,0,0,0,1,0,0,0,0,1,0,0,0,1,0,1,0
82,3,2,0,5,1,-1,90,0,3,0,0,0,1,0,0,0,0,1,0,0,0,1,0,1,0
82,3,3,0,0,0,0,0,1,3,0,0,0,1,0,0,0,0,1,0,0,0,1,0,1,0
82,4,1,0,5,-1,-1,90,0,3,0,0,0,1,0,0,0,0,1,0,0,0,1,0,1,0
82,4,2,1,10,-1,1,270,0,3,0,0,0,1,0,0,0,0,1,0,0,0,1,0,1,0
82,4,3,0,0,0,0,0,1,3,0,0,0,1,0,0,0,0,1,0,0,0,1,0,1,0
83,1,1,0,5,-1,1,270,0,3,0,0,0,1,0,0,1,0,1,0,0,0,1,0,0,1
83,1,2,0,10,-1,1,90,0,3,0,0,0,1,0,0,1,0,1,0,0,0,1,0,0,1
83,1,3,1,0,0,0,0,1,3,0,0,0,1,0,0,1,0,1,0,0,0,1,0,0,1
83,2,1,1,10,-1,-1,890,0,3,0,0,0,1,0,0,1,0,1,0,0,0,1,0,0,1
83,2,2,0,5,1,-1,90,0,3,0,0,0,1,0,0,1,0,1,0,0,0,1,0,0,1
83,2,3,0,0,0,0,0,1,3,0,0,0,1,0,0,1,0,1,0,0,0,1,0,0,1
83,3,1,1,10,1,1,890,0,3,0,0,0,1,0,0,1,0,1,0,0,0,1,0,0,1
83,3,2,0,5,1,-1,90,0,3,0,0,0,1,0,0,1,0,1,0,0,0,1,0,0,1
83,3,3,0,0,0,0,0,1,3,0,0,0,1,0,0,1,0,1,0,0,0,1,0,0,1
83,4,1,0,5,-1,-1,90,0,3,0,0,0,1,0,0,1,0,1,0,0,0,1,0,0,1
83,4,2,0,10,-1,1,270,0,3,0,0,0,1,0,0,1,0,1,0,0,0,1,0,0,1
83,4,3,1,0,0,0,0,1,3,0,0,0,1,0,0,1,0,1,0,0,0,1,0,0,1
84,1,1,0,5,-1,-1,530,0,4,1,0,0,1,0,0,0,1,0,0,0,1,1,0,0,1
84,1,2,0,10,1,1,530,0,4,1,0,0,1,0,0,0,1,0,0,0,1,1,0,0,1
84,1,3,1,0,0,0,0,1,4,1,0,0,1,0,0,0,1,0,0,0,1,1,0,0,1
84,2,1,1,5,1,1,890,0,4,1,0,0,1,0,0,0,1,0,0,0,1,1,0,0,1
84,2,2,0,10,-1,-1,270,0,4,1,0,0,1,0,0,0,1,0,0,0,1,1,0,0,1
84,2,3,0,0,0,0,0,1,4,1,0,0,1,0,0,0,1,0,0,0,1,1,0,0,1
84,3,1,0,10,1,-1,90,0,4,1,0,0,1,0,0,0,1,0,0,0,1,1,0,0,1
84,3,2,0,5,1,1,890,0,4,1,0,0,1,0,0,0,1,0,0,0,1,1,0,0,1
84,3,3,1,0,0,0,0,1,4,1,0,0,1,0,0,0,1,0,0,0,1,1,0,0,1
84,4,1,0,10,1,1,90,0,4,1,0,0,1,0,0,0,1,0,0,0,1,1,0,0,1
84,4,2,0,5,-1,-1,890,0,4,1,0,0,1,0,0,0,1,0,0,0,1,1,0,0,1
84,4,3,1,0,0,0,0,1,4,1,0,0,1,0,0,0,1,0,0,0,1,1,0,0,1
85,1,1,1,5,1,1,530,0,1,1,0,1,1,0,0,1,0,1,0,0,1,0,0,1,0
85,1,2,0,10,1,-1,90,0,1,1,0,1,1,0,0,1,0,1,0,0,1,0,0,1,0
85,1,3,0,0,0,0,0,1,1,1,0,1,1,0,0,1,0,1,0,0,1,0,0,1,0
85,2,1,0,10,1,1,270,0,1,1,0,1,1,0,0,1,0,1,0,0,1,0,0,1,0
85,2,2,0,5,-1,-1,890,0,1,1,0,1,1,0,0,1,0,1,0,0,1,0,0,1,0
85,2,3,1,0,0,0,0,1,1,1,0,1,1,0,0,1,0,1,0,0,1,0,0,1,0
85,3,1,0,10,-1,-1,890,0,1,1,0,1,1,0,0,1,0,1,0,0,1,0,0,1,0
85,3,2,0,5,1,1,270,0,1,1,0,1,1,0,0,1,0,1,0,0,1,0,0,1,0
85,3,3,1,0,0,0,0,1,1,1,0,1,1,0,0,1,0,1,0,0,1,0,0,1,0
85,4,1,0,5,1,-1,90,0,1,1,0,1,1,0,0,1,0,1,0,0,1,0,0,1,0
85,4,2,1,10,-1,1,890,0,1,1,0,1,1,0,0,1,0,1,0,0,1,0,0,1,0
85,4,3,0,0,0,0,0,1,1,1,0,1,1,0,0,1,0,1,0,0,1,0,0,1,0
85,1,1,1,5,1,1,530,0,1,-999,-999,-999,1,0,0,0,1,0,1,0,1,0,0,1,0
85,1,2,0,10,1,-1,90,0,1,-999,-999,-999,1,0,0,0,1,0,1,0,1,0,0,1,0
85,1,3,0,0,0,0,0,1,1,-999,-999,-999,1,0,0,0,1,0,1,0,1,0,0,1,0
85,2,1,0,10,1,1,270,0,1,-999,-999,-999,1,0,0,0,1,0,1,0,1,0,0,1,0
85,2,2,1,5,-1,-1,890,0,1,-999,-999,-999,1,0,0,0,1,0,1,0,1,0,0,1,0
85,2,3,0,0,0,0,0,1,1,-999,-999,-999,1,0,0,0,1,0,1,0,1,0,0,1,0
85,3,1,0,10,-1,-1,890,0,1,-999,-999,-999,1,0,0,0,1,0,1,0,1,0,0,1,0
85,3,2,0,5,1,1,270,0,1,-999,-999,-999,1,0,0,0,1,0,1,0,1,0,0,1,0
85,3,3,1,0,0,0,0,1,1,-999,-999,-999,1,0,0,0,1,0,1,0,1,0,0,1,0
85,4,1,0,5,1,-1,90,0,1,-999,-999,-999,1,0,0,0,1,0,1,0,1,0,0,1,0
85,4,2,0,10,-1,1,890,0,1,-999,-999,-999,1,0,0,0,1,0,1,0,1,0,0,1,0
85,4,3,1,0,0,0,0,1,1,-999,-999,-999,1,0,0,0,1,0,1,0,1,0,0,1,0
86,1,1,1,5,-1,1,270,0,3,0,1,0,1,0,0,0,0,1,1,0,0,1,0,1,0
86,1,2,0,10,-1,1,90,0,3,0,1,0,1,0,0,0,0,1,1,0,0,1,0,1,0
86,1,3,0,0,0,0,0,1,3,0,1,0,1,0,0,0,0,1,1,0,0,1,0,1,0
86,2,1,0,10,-1,-1,890,0,3,0,1,0,1,0,0,0,0,1,1,0,0,1,0,1,0
86,2,2,0,5,1,-1,90,0,3,0,1,0,1,0,0,0,0,1,1,0,0,1,0,1,0
86,2,3,1,0,0,0,0,1,3,0,1,0,1,0,0,0,0,1,1,0,0,1,0,1,0
86,3,1,0,10,1,1,890,0,3,0,1,0,1,0,0,0,0,1,1,0,0,1,0,1,0
86,3,2,0,5,1,-1,90,0,3,0,1,0,1,0,0,0,0,1,1,0,0,1,0,1,0
86,3,3,1,0,0,0,0,1,3,0,1,0,1,0,0,0,0,1,1,0,0,1,0,1,0
86,4,1,0,5,-1,-1,90,0,3,0,1,0,1,0,0,0,0,1,1,0,0,1,0,1,0
86,4,2,0,10,-1,1,270,0,3,0,1,0,1,0,0,0,0,1,1,0,0,1,0,1,0
86,4,3,1,0,0,0,0,1,3,0,1,0,1,0,0,0,0,1,1,0,0,1,0,1,0
86,1,1,1,5,1,1,530,0,2,0,1,0,1,0,0,1,1,0,0,0,0,0,1,1,0
86,1,2,0,10,-1,-1,530,0,2,0,1,0,1,0,0,1,1,0,0,0,0,0,1,1,0
86,1,3,0,0,0,0,0,1,2,0,1,0,1,0,0,1,1,0,0,0,0,0,1,1,0
86,2,1,0,10,-1,-1,270,0,2,0,1,0,1,0,0,1,1,0,0,0,0,0,1,1,0
86,2,2,1,5,1,1,530,0,2,0,1,0,1,0,0,1,1,0,0,0,0,0,1,1,0
86,2,3,0,0,0,0,0,1,2,0,1,0,1,0,0,1,1,0,0,0,0,0,1,1,0
86,3,1,0,10,-1,1,270,0,2,0,1,0,1,0,0,1,1,0,0,0,0,0,1,1,0
86,3,2,1,5,-1,1,530,0,2,0,1,0,1,0,0,1,1,0,0,0,0,0,1,1,0
86,3,3,0,0,0,0,0,1,2,0,1,0,1,0,0,1,1,0,0,0,0,0,1,1,0
86,4,1,1,5,-1,-1,530,0,2,0,1,0,1,0,0,1,1,0,0,0,0,0,1,1,0
86,4,2,0,10,1,-1,270,0,2,0,1,0,1,0,0,1,1,0,0,0,0,0,1,1,0
86,4,3,0,0,0,0,0,1,2,0,1,0,1,0,0,1,1,0,0,0,0,0,1,1,0
87,1,1,1,5,-1,1,270,0,3,0,1,0,1,0,0,0,1,0,0,1,0,0,1,1,0
87,1,2,0,10,-1,1,90,0,3,0,1,0,1,0,0,0,1,0,0,1,0,0,1,1,0
87,1,3,0,0,0,0,0,1,3,0,1,0,1,0,0,0,1,0,0,1,0,0,1,1,0
87,2,1,0,10,-1,-1,890,0,3,0,1,0,1,0,0,0,1,0,0,1,0,0,1,1,0
87,2,2,0,5,1,-1,90,0,3,0,1,0,1,0,0,0,1,0,0,1,0,0,1,1,0
87,2,3,1,0,0,0,0,1,3,0,1,0,1,0,0,0,1,0,0,1,0,0,1,1,0
87,3,1,1,10,1,1,890,0,3,0,1,0,1,0,0,0,1,0,0,1,0,0,1,1,0
87,3,2,0,5,1,-1,90,0,3,0,1,0,1,0,0,0,1,0,0,1,0,0,1,1,0
87,3,3,0,0,0,0,0,1,3,0,1,0,1,0,0,0,1,0,0,1,0,0,1,1,0
87,4,1,0,5,-1,-1,90,0,3,0,1,0,1,0,0,0,1,0,0,1,0,0,1,1,0
87,4,2,1,10,-1,1,270,0,3,0,1,0,1,0,0,0,1,0,0,1,0,0,1,1,0
87,4,3,0,0,0,0,0,1,3,0,1,0,1,0,0,0,1,0,0,1,0,0,1,1,0
88,1,1,1,5,-1,1,270,0,3,0,1,0,1,0,0,0,1,0,0,0,1,0,1,0,1
88,1,2,0,10,-1,1,90,0,3,0,1,0,1,0,0,0,1,0,0,0,1,0,1,0,1
88,1,3,0,0,0,0,0,1,3,0,1,0,1,0,0,0,1,0,0,0,1,0,1,0,1
88,2,1,1,10,-1,-1,890,0,3,0,1,0,1,0,0,0,1,0,0,0,1,0,1,0,1
88,2,2,0,5,1,-1,90,0,3,0,1,0,1,0,0,0,1,0,0,0,1,0,1,0,1
88,2,3,0,0,0,0,0,1,3,0,1,0,1,0,0,0,1,0,0,0,1,0,1,0,1
88,3,1,0,10,1,1,890,0,3,0,1,0,1,0,0,0,1,0,0,0,1,0,1,0,1
88,3,2,0,5,1,-1,90,0,3,0,1,0,1,0,0,0,1,0,0,0,1,0,1,0,1
88,3,3,1,0,0,0,0,1,3,0,1,0,1,0,0,0,1,0,0,0,1,0,1,0,1
88,4,1,0,5,-1,-1,90,0,3,0,1,0,1,0,0,0,1,0,0,0,1,0,1,0,1
88,4,2,1,10,-1,1,270,0,3,0,1,0,1,0,0,0,1,0,0,0,1,0,1,0,1
88,4,3,0,0,0,0,0,1,3,0,1,0,1,0,0,0,1,0,0,0,1,0,1,0,1
89,1,1,0,5,1,1,530,0,2,0,1,0,1,0,0,1,0,1,0,0,0,1,0,0,1
89,1,2,1,10,-1,-1,530,0,2,0,1,0,1,0,0,1,0,1,0,0,0,1,0,0,1
89,1,3,0,0,0,0,0,1,2,0,1,0,1,0,0,1,0,1,0,0,0,1,0,0,1
89,2,1,0,10,-1,-1,270,0,2,0,1,0,1,0,0,1,0,1,0,0,0,1,0,0,1
89,2,2,0,5,1,1,530,0,2,0,1,0,1,0,0,1,0,1,0,0,0,1,0,0,1
89,2,3,1,0,0,0,0,1,2,0,1,0,1,0,0,1,0,1,0,0,0,1,0,0,1
89,3,1,0,10,-1,1,270,0,2,0,1,0,1,0,0,1,0,1,0,0,0,1,0,0,1
89,3,2,1,5,-1,1,530,0,2,0,1,0,1,0,0,1,0,1,0,0,0,1,0,0,1
89,3,3,0,0,0,0,0,1,2,0,1,0,1,0,0,1,0,1,0,0,0,1,0,0,1
89,4,1,1,5,-1,-1,530,0,2,0,1,0,1,0,0,1,0,1,0,0,0,1,0,0,1
89,4,2,0,10,1,-1,270,0,2,0,1,0,1,0,0,1,0,1,0,0,0,1,0,0,1
89,4,3,0,0,0,0,0,1,2,0,1,0,1,0,0,1,0,1,0,0,0,1,0,0,1
89,1,1,1,5,-1,-1,530,0,4,0,0,0,1,0,0,0,1,0,0,0,0,1,0,1,0
89,1,2,0,10,1,1,530,0,4,0,0,0,1,0,0,0,1,0,0,0,0,1,0,1,0
89,1,3,0,0,0,0,0,1,4,0,0,0,1,0,0,0,1,0,0,0,0,1,0,1,0
89,2,1,1,5,1,1,890,0,4,0,0,0,1,0,0,0,1,0,0,0,0,1,0,1,0
89,2,2,0,10,-1,-1,270,0,4,0,0,0,1,0,0,0,1,0,0,0,0,1,0,1,0
89,2,3,0,0,0,0,0,1,4,0,0,0,1,0,0,0,1,0,0,0,0,1,0,1,0
89,3,1,0,10,1,-1,90,0,4,0,0,0,1,0,0,0,1,0,0,0,0,1,0,1,0
89,3,2,1,5,1,1,890,0,4,0,0,0,1,0,0,0,1,0,0,0,0,1,0,1,0
89,3,3,0,0,0,0,0,1,4,0,0,0,1,0,0,0,1,0,0,0,0,1,0,1,0
89,4,1,0,10,1,1,90,0,4,0,0,0,1,0,0,0,1,0,0,0,0,1,0,1,0
89,4,2,1,5,-1,-1,890,0,4,0,0,0,1,0,0,0,1,0,0,0,0,1,0,1,0
89,4,3,0,0,0,0,0,1,4,0,0,0,1,0,0,0,1,0,0,0,0,1,0,1,0
